iter,time,reward,steps,convergence,policy
1,2.5817949999993317,-60.0,162.0,9.99
2,3.7965569999993676,64.0,29.0,9.881
3,3.0998090000000644,61.0,41.0,9.640708187900383
4,1.3430740000011099,83.0,19.0,9.442608187900385
5,0.8533610000007741,63.0,39.0,9.057971820099695
6,0.8791769999998422,2.0,100.0,9.027091930701832
7,5.665391000000852,59.0,43.0,8.611677030701832
8,0.8592949999997046,91.0,11.0,8.111423128241194
9,0.5165009999998915,-31.0,88.0,7.592687568516103
10,2.5502020000001124,86.0,16.0,7.05286191380741
11,1.1134489999999886,55.0,47.0,6.435603133493371
12,1.2914649999995476,85.0,17.0,6.107111473798244
13,2.1792069999992947,89.0,13.0,5.685179608328253
14,0.48586099999958776,54.0,48.0,5.1767427360425256
15,0.27206500000076517,-29.0,131.0,5.1499820293403475
16,0.33376299999865466,90.0,12.0,4.957526004607865
17,0.2313190000009513,92.0,10.0,4.842947134590896
18,0.30080300000001614,70.0,32.0,4.798340976376076
19,0.26674400000104015,91.0,11.0,4.871456266294451
20,0.26096899999927814,77.0,25.0,5.059044155745209
21,0.28157600000078276,91.0,11.0,5.287523736463482
22,0.35567599999986044,89.0,13.0,5.349182262894094
23,0.1743689999997855,93.0,9.0,5.254840970645433
24,0.21592599999920026,93.0,9.0,5.658669510844671
25,0.37226200000084475,86.0,16.0,5.6976290864697
26,0.23928099999892538,90.0,12.0,5.3232034967445285
27,0.5224799999989926,89.0,13.0,5.267020648627008
28,0.6386320000011381,90.0,12.0,5.209694657875119
29,2.484363999998962,90.0,12.0,4.937208785506067
30,11.04179899999913,90.0,12.0,4.465436493308017
31,0.3106429999988336,91.0,11.0,4.319342156965494
32,0.3788720000006407,92.0,10.0,4.228509881808462
33,1.440685999998692,86.0,16.0,4.516228397593262
34,0.24929699999987065,91.0,11.0,4.124008476599045
35,0.24186999999997738,93.0,9.0,3.775941901842198
36,0.2814850000003588,90.0,12.0,3.758914000380353
37,0.38513299999998196,91.0,11.0,3.650007766596888
38,0.20983399999963126,84.0,18.0,3.681361862787898
39,0.43055799999969224,91.0,11.0,3.8909882872438657
40,0.342663999999715,92.0,10.0,4.185749446119631
41,0.17766200000046695,88.0,14.0,4.253257745598243
42,0.4627790000011345,89.0,13.0,4.376946241575773
43,0.27679999999996596,88.0,14.0,4.491156324333611
44,0.2845970000002751,93.0,9.0,4.647824270581026
45,0.21551900000105206,89.0,13.0,4.772219157683292
46,0.24469500000101618,90.0,12.0,4.678826656014477
47,0.4223759999995025,93.0,9.0,4.826031350965433
48,0.29611199999912685,87.0,15.0,4.68588200753494
49,0.7083389999991141,93.0,9.0,4.626786613898518
50,0.30276400000062154,93.0,9.0,4.7416068258550705
51,0.3168769999994936,92.0,10.0,4.66204798918994
52,0.26903399999866906,91.0,11.0,4.507268708043034
53,0.21123500000008733,91.0,11.0,4.238702393409468
54,0.34803099999969334,83.0,19.0,4.21378596503816
55,0.21773999999830096,90.0,12.0,4.11764406119032
56,0.37176999999921634,90.0,12.0,4.2330225299352415
57,0.21045600000135778,92.0,10.0,4.643272607063637
58,0.25952300000042783,89.0,13.0,4.649576936623717
59,0.45195000000042285,75.0,27.0,4.548405984711566
60,0.31950199999997153,91.0,11.0,4.300700877903384
61,0.742842000001076,86.0,16.0,4.1577785227541515
62,0.2988619999992892,91.0,11.0,4.163085399258286
63,0.20929899999977408,92.0,10.0,4.08308774701573
64,0.2899040000006181,90.0,12.0,3.926467881955773
65,0.3098670000003523,93.0,9.0,3.8682113994134824
66,0.18610000000052196,87.0,15.0,3.743489984333711
67,0.1641170000006298,91.0,11.0,3.3484614638826202
68,0.44827400000002626,92.0,10.0,3.404360579825597
69,0.7109300000003316,91.0,11.0,3.685478740205304
70,0.23830800000013141,93.0,9.0,3.6603109329286383
71,0.2051820000001925,90.0,12.0,3.6042852748331677
72,0.23053399999994895,91.0,11.0,3.2597127137611928
73,0.3946159999994592,90.0,12.0,3.2451454921693554
74,2.736899999998599,93.0,9.0,3.530535653946388
75,0.2998719999993682,88.0,14.0,3.555106341740084
76,0.23993699999991236,89.0,13.0,3.443136609093412
77,0.26918999999914206,93.0,9.0,3.2614659099848966
78,0.3315400000012403,88.0,14.0,3.1281724198920267
79,0.4973029999995049,93.0,9.0,3.0599424468894623
80,0.3170150000002536,90.0,12.0,3.0461831851459653
81,0.18708099999997785,91.0,11.0,3.06080981354165
82,0.20702599999999904,91.0,11.0,3.439212177362048
83,0.21558199999915928,82.0,20.0,3.9932069965570647
84,0.3587429999996061,85.0,17.0,3.640284704469303
85,0.25508600000101467,90.0,12.0,3.5835888366106436
86,0.32361300000083304,88.0,14.0,3.8056258896447637
87,0.3477220000007719,93.0,9.0,3.5942032308449257
88,0.19729599999962488,91.0,11.0,3.457802708093044
89,0.4277449999996463,85.0,17.0,3.0194587275107265
90,1.5417860000006556,92.0,10.0,2.841042044530356
91,0.277080999998347,91.0,11.0,3.080853021539271
92,0.28093400000095414,91.0,11.0,3.0800691998404024
93,0.18348399999901233,90.0,12.0,2.275795539436784
94,0.36554400000099463,86.0,16.0,2.174487104412384
95,0.1395819999991943,87.0,15.0,2.036796441151189
96,0.3376230000000646,89.0,13.0,2.1019277369439875
97,0.3177530000009199,89.0,13.0,2.7575503329986444
98,0.2886600000007178,90.0,12.0,2.958341064733759
99,0.1637280000004182,81.0,21.0,2.911845632871371
100,0.4928250000002521,88.0,14.0,3.4773961269350715
101,0.2768619999997668,93.0,9.0,3.272890944561084
102,0.18861000000036654,92.0,10.0,2.8016385370960917
103,0.20477099999993698,93.0,9.0,2.7966722841225673
104,0.277993999999282,90.0,12.0,2.9131366473221014
105,0.27785100000166096,89.0,13.0,3.327942884090085
106,0.27697700000040015,88.0,14.0,2.9217772856123587
107,0.26371200000063766,92.0,10.0,2.774862327544521
108,0.28533000000052766,89.0,13.0,2.5399023992346748
109,0.16101599999984728,89.0,13.0,2.511606193710933
110,0.44605499999939013,89.0,13.0,2.4434494694776054
111,0.2709680000005932,93.0,9.0,2.205467377900369
112,0.3168570000013915,90.0,12.0,2.849326844080248
113,1.3622130000001675,88.0,14.0,3.2320849831713288
114,0.2945270000012101,93.0,9.0,3.0924788225286317
115,0.24575599999998587,92.0,10.0,2.641238645124328
116,0.3428840000001543,87.0,15.0,2.6256070336993904
117,0.2833280000000826,93.0,9.0,2.072365815869197
118,0.2571719999995281,89.0,13.0,2.0787400389831827
119,0.2279900000008439,89.0,13.0,2.1354730842658474
120,0.39947200000156613,89.0,13.0,2.31254876668073
121,0.24981400000001486,90.0,12.0,2.353959960135319
122,0.3322170000004121,91.0,11.0,1.9275559021222108
123,0.2263730000002795,93.0,9.0,1.5796001038918528
124,0.42561499999926866,87.0,15.0,1.5625049069309669
125,0.40916200000040703,91.0,11.0,1.9237408024419345
126,0.412797000000964,90.0,12.0,2.1033802953789476
127,0.3027549999998769,92.0,10.0,2.125628470144035
128,0.24363500000035287,90.0,12.0,2.518937654069103
129,0.39556199999957187,93.0,9.0,2.8882356963948266
130,0.3110940000006224,89.0,13.0,2.118076820897563
131,0.2542789999999684,89.0,13.0,2.1376680594470057
132,0.23489900000051023,86.0,16.0,1.8982715813861541
133,0.24310600000099214,91.0,11.0,1.8690687262758108
134,0.29239299999872514,91.0,11.0,2.142391733770034
135,0.3288919999988593,93.0,9.0,1.7851702546597426
136,0.23614800000082425,90.0,12.0,1.595819894462562
137,0.2455990000012065,86.0,16.0,1.5989826416141208
138,2.4293359999987274,88.0,14.0,1.1872239022569626
139,0.19980099999905576,92.0,10.0,0.7595882302738624
140,0.48251899999840475,91.0,11.0,0.774017094386172
141,0.2616060000004694,86.0,16.0,0.6960513960600515
142,0.2328659999992766,90.0,12.0,1.1763190513922162
143,0.3741829999999169,92.0,10.0,1.1994885872665073
144,0.20625899999870967,90.0,12.0,0.8920816454701324
145,0.478331000000054,92.0,10.0,0.9475020525519298
146,0.5586999999991349,91.0,11.0,1.343686773415633
147,0.26361499999971727,93.0,9.0,1.3329718137725215
148,0.44945600000012575,92.0,10.0,1.384243858175872
149,0.20187600000021177,93.0,9.0,1.4127963115281097
150,0.2503610000008649,91.0,11.0,1.4668683486433332
151,0.36384699999914005,86.0,16.0,1.9835196854639965
152,0.22567999999978383,91.0,11.0,1.9028070593698445
153,0.43756100000003073,93.0,9.0,1.899615869294675
154,0.23984899999973663,91.0,11.0,2.5292033330955137
155,0.15129900000054874,90.0,12.0,2.473843191111823
156,0.1437889999991171,92.0,10.0,2.1400349650271346
157,0.17451299999926562,92.0,10.0,2.1485397409276352
158,0.19861300000023618,93.0,9.0,2.670834951526462
159,0.12428699999844639,89.0,13.0,3.214183411808938
160,0.09854199999992375,93.0,9.0,3.358208979480364
161,0.1459949999986776,90.0,12.0,2.8469976329246482
162,0.1227690000007442,90.0,12.0,2.4536607582767607
163,0.18927999999895917,93.0,9.0,2.420225739070177
164,0.08627999999966107,91.0,11.0,2.046706929675698
165,0.14711100000042165,93.0,9.0,2.0472931927451277
166,0.16068300000071645,91.0,11.0,2.0396831701515206
167,0.4372050000007732,93.0,9.0,2.3050371683459234
168,0.09903099999952758,88.0,14.0,1.7146392715436718
169,0.16919599999987156,91.0,11.0,1.660213698276884
170,0.1414870000004953,91.0,11.0,1.4529204738069992
171,0.0931240000010547,84.0,18.0,1.42927475236706
172,0.19077600000017014,89.0,13.0,1.5192848201658904
173,0.14219900000078667,88.0,14.0,1.5463574542032403
174,0.09580400000075429,92.0,10.0,1.2673810547678444
175,0.10649999999934323,93.0,9.0,1.2710617199953376
176,0.10924600000095097,90.0,12.0,1.2197433345771558
177,0.2292970000006278,89.0,13.0,0.947424950176164
178,0.13868999999999687,93.0,9.0,0.9560382683042257
179,0.18739600000117207,89.0,13.0,0.8945743085788969
180,0.12526999999984412,93.0,9.0,0.8894347564709228
181,0.1353279999989354,92.0,10.0,0.91869233925784
182,0.15519599999969103,89.0,13.0,0.8065330657984127
183,0.15849100000053795,85.0,17.0,0.8145663825660229
184,0.22075899999940418,86.0,16.0,1.3087398483859212
185,0.2532639999994757,93.0,9.0,1.556200527064727
186,0.15984999999929528,91.0,11.0,1.7621607075849135
187,0.13764599999888105,91.0,11.0,2.160006338037262
188,0.12979799999968122,93.0,9.0,2.191460160639487
189,0.2596330000006475,91.0,11.0,1.7472274305103745
190,0.08842300000111436,93.0,9.0,1.7479753595469112
191,0.337238000000184,87.0,15.0,1.882139780931822
192,0.24913500000067756,92.0,10.0,1.9686579948369904
193,0.14005900000135796,93.0,9.0,1.9643508883076202
194,0.07888200000039092,92.0,10.0,1.4995986710457578
195,0.11108400000026109,92.0,10.0,1.2718855696505735
196,0.1836990000008143,91.0,11.0,1.0862578933843472
197,0.1343750000000199,86.0,16.0,0.7035243310519576
198,0.21390400000065313,92.0,10.0,1.2212905874683233
199,0.1005819999999602,86.0,16.0,1.21969562939332
200,0.24267999999949552,86.0,16.0,1.253386207345088
201,0.1056340000005207,91.0,11.0,1.0987817454313062
202,0.17734300000071812,89.0,13.0,1.0144238159186703
203,0.08892700000018294,93.0,9.0,0.9842805866440447
204,0.21503400000000283,89.0,13.0,1.1452308796829596
205,0.10748099999879912,90.0,12.0,1.0932550702238355
206,0.26468900000153894,89.0,13.0,1.1708482373222477
207,0.16297099999995623,92.0,10.0,1.506976458692927
208,0.25705100000017467,93.0,9.0,1.5043467156105117
209,0.17822100000053354,91.0,11.0,1.5083377742316237
210,0.20382499999982429,88.0,14.0,1.8176961899613062
211,0.1571699999995957,93.0,9.0,1.8309873901433833
212,0.16708000000065226,90.0,12.0,1.921760402937548
213,0.09725099999968734,92.0,10.0,2.2484784072580424
214,0.28825999999959606,83.0,19.0,2.1626180836495372
215,0.13756599999936725,85.0,17.0,2.2026104960463817
216,0.13866900000003568,88.0,14.0,2.1249642426447544
217,0.1326620000003942,88.0,14.0,1.7799048047336528
218,0.13595399999921653,92.0,10.0,1.244994617351275
219,0.29661499999988905,93.0,9.0,1.2843673468215804
220,0.08930999999989808,93.0,9.0,0.9303067131761651
221,0.16983600000131105,80.0,22.0,0.9352660556768797
222,0.28518699999935393,88.0,14.0,0.875314007436792
223,0.1727250000005398,93.0,9.0,0.7758707404221099
224,0.11513000000107354,91.0,11.0,0.6799517523225191
225,0.10309900000038397,81.0,21.0,0.6455336532827346
226,0.1457049999995519,93.0,9.0,0.615834033483084
227,0.10054199999842695,85.0,17.0,0.6062362925708612
228,0.17947200000101304,93.0,9.0,0.8860202220880126
229,0.14709700000103965,81.0,21.0,1.2239062976356352
230,0.1089610000004626,91.0,11.0,1.2288432807105167
231,0.18444300000020064,91.0,11.0,1.2830577525411655
232,0.12312600000008445,89.0,13.0,1.2379513858991644
233,0.13703499999984103,89.0,13.0,1.0105123449203077
234,0.08708300000037639,83.0,19.0,1.1658349295786983
235,0.18756699999933346,91.0,11.0,1.1602036496442074
236,0.16835099999923386,88.0,14.0,1.1813659310604627
237,0.19468099999997435,87.0,15.0,1.2489553949711714
238,0.09143099999953108,93.0,9.0,0.9718352396764409
239,0.10560399999981485,88.0,14.0,0.5954596960097241
240,0.163311999999749,93.0,9.0,0.6223826888538092
241,0.15767799999899523,92.0,10.0,0.5727687081870364
242,0.16515000000083546,91.0,11.0,0.6278552196432308
243,0.1227329999995419,90.0,12.0,0.6553194276296687
244,0.19995499999936328,91.0,11.0,0.5315395115698636
245,0.5565589999996234,86.0,16.0,0.5322189927573859
246,0.17939099999964014,90.0,12.0,0.5401983274038642
247,0.25870700000041325,93.0,9.0,0.913705242222408
248,0.31214800000078924,90.0,12.0,0.9238108284994546
249,0.2597610000005801,91.0,11.0,0.9373262878313688
250,0.19146600000041758,88.0,14.0,1.2173320814684438
251,0.2656960000013697,92.0,10.0,1.2113845280086715
252,0.3847970000006029,88.0,14.0,1.177755720904205
253,0.4217839999984818,89.0,13.0,1.4950075589361256
254,0.21896300000001645,93.0,9.0,1.469142912553405
255,0.20914299999930108,87.0,15.0,1.5146173334912256
256,0.33505400000066743,91.0,11.0,1.5183106423508257
257,0.20281499999974528,91.0,11.0,1.0839734116890027
258,0.5268259999997582,89.0,13.0,1.071794133078167
259,0.27111800000056974,89.0,13.0,1.0529957763493116
260,0.2983570000001379,92.0,10.0,0.7769400506891145
261,0.20225699999976143,93.0,9.0,1.0796353858925656
262,0.25904199999970956,87.0,15.0,1.0961933355115305
263,0.2402329999995345,92.0,10.0,0.9470327440012177
264,0.2655080000000254,92.0,10.0,0.9677520079685671
265,0.16842899999858219,93.0,9.0,0.9762506792980126
266,0.18475300000098116,92.0,10.0,0.9681164320094531
267,0.22234699999934548,89.0,13.0,1.1854898942859045
268,0.09646700000054409,93.0,9.0,1.1589986722795806
269,0.12185799999997471,86.0,16.0,1.5607650404191866
270,0.15475799999897788,89.0,13.0,1.8108338307452783
271,0.19436000000006004,84.0,18.0,1.5278546036644485
272,0.12766200000058348,93.0,9.0,1.5152629882837345
273,0.1496490000008066,90.0,12.0,1.3343434311988553
274,0.14579700000005857,87.0,15.0,1.3374347746783806
275,0.169716000000264,87.0,15.0,1.3112322511804813
276,0.11783899999961989,88.0,14.0,1.2895650634067344
277,0.21314500000002568,89.0,13.0,1.0760371174422836
278,0.3060589999996921,90.0,12.0,1.740104761341064
279,0.11277199999959464,88.0,14.0,1.3366484668551946
280,0.13195299999857468,91.0,11.0,1.088062251795886
281,0.3255749999997448,84.0,18.0,1.079476584646526
282,0.3144069999994059,89.0,13.0,1.0839337819902075
283,0.3469550000012589,85.0,17.0,1.1143483315177596
284,0.3945549999997411,92.0,10.0,1.0851435681803983
285,0.3162190000001175,89.0,13.0,1.0930647188982012
286,0.23533099999895057,93.0,9.0,1.3162526715516647
287,0.24025099999924748,87.0,15.0,1.3213870624893997
288,0.4214820000001396,89.0,13.0,0.7298084432927574
289,0.1959990000006684,92.0,10.0,1.1245037122623143
290,0.3715919999986994,89.0,13.0,1.0915981833332178
291,0.18286499999931038,90.0,12.0,1.053231422168643
292,0.3034280000004941,90.0,12.0,1.5475980083711174
293,0.18794400000032851,92.0,10.0,1.5019877989293486
294,0.23141600000009532,89.0,13.0,1.4986663257972264
295,0.4437540000008511,91.0,11.0,1.6973420304630262
296,0.4005969999987258,83.0,19.0,1.4710788383051496
297,0.24697199999934583,93.0,9.0,1.4592067701790472
298,0.2937000000002854,87.0,15.0,1.7533727380406243
299,0.33434099999851696,91.0,11.0,1.3713803231572463
300,0.14543500000030463,90.0,12.0,1.4044614218844849
301,0.17275599999955205,87.0,15.0,1.699407496084713
302,0.10516699999918444,89.0,13.0,1.1733871783016383
303,0.28915700000098354,84.0,18.0,1.173772674051122
304,0.4537770000005992,90.0,12.0,1.2244819090903605
305,0.23780799999961744,84.0,18.0,0.9926996522765166
306,0.2722369999990093,89.0,13.0,1.0341258866046459
307,0.1932169999996347,93.0,9.0,1.0063238692458256
308,0.1632909999997878,88.0,14.0,0.645432136309038
309,0.24920999999977766,93.0,9.0,0.6102432842106886
310,0.27758799999944017,86.0,16.0,0.6064035345576961
311,0.22863599999922712,90.0,12.0,0.3400894424978603
312,0.15671299999908683,88.0,14.0,0.3372821696577176
313,0.1287290000000496,88.0,14.0,0.3725762289184388
314,0.09692799999960755,90.0,12.0,0.3208716106265939
315,0.10838099999865847,92.0,10.0,0.31282853817908035
316,0.12956600000002538,84.0,18.0,0.30582113997454313
317,0.12932499999962488,91.0,11.0,0.30620003078240215
318,0.08894299999973043,84.0,18.0,0.31846996423707596
319,0.10183100000027423,90.0,12.0,0.32955843303623455
320,0.11324799999989921,91.0,11.0,0.4953068813535609
321,0.130905999998987,89.0,13.0,0.4956562655998596
322,0.19136200000069437,92.0,10.0,0.7651565679902795
323,0.2085439999994776,89.0,13.0,0.8757963415896584
324,0.09168200000075899,90.0,12.0,0.9026070015200816
325,0.16305800000004922,92.0,10.0,0.9409518678657889
326,0.22557899999853248,85.0,17.0,1.1164746611616068
327,0.42860100000119417,93.0,9.0,1.1464047568842504
328,0.3917740000005665,93.0,9.0,1.1336801627357673
329,0.22993700000029094,85.0,17.0,1.5557998821872505
330,0.18726400000090848,86.0,16.0,1.3561755572971723
331,0.20045900000020822,89.0,13.0,1.3531128765250107
332,0.24731699999946954,92.0,10.0,1.1106246607466144
333,0.2228980000005265,92.0,10.0,0.9947161529952329
334,0.26848600000128897,91.0,11.0,0.9977243877903039
335,0.22102500000009684,89.0,13.0,0.9991495853492058
336,0.27569299999896657,88.0,14.0,0.8179141575035903
337,0.3510739999992296,90.0,12.0,0.8133833852685914
338,0.18773599999910573,90.0,12.0,0.8408052883184485
339,0.16893399999950987,90.0,12.0,0.4057828187390825
340,0.48916000000076565,86.0,16.0,0.4441997906779719
341,0.3850940000003078,87.0,15.0,0.4361394306741232
342,0.2985479999999541,79.0,14.0,0.4448936673089051
343,0.28413900000145986,82.0,20.0,0.44361442195174733
344,0.22521100000005845,90.0,12.0,0.41616784323886546
345,0.37464899999939405,91.0,11.0,0.40654163182024805
346,0.4536580000014112,91.0,11.0,0.395842677234576
347,0.2675920000001497,89.0,13.0,0.39726400194319067
348,0.31193199999890453,93.0,9.0,0.39118539433318633
349,0.22864799999844365,86.0,16.0,0.4161022085304594
350,0.6578199999989209,91.0,11.0,0.41364177991296314
351,0.2921239999995606,93.0,9.0,0.3947319068427689
352,0.29940900000013926,90.0,12.0,0.9174430205908092
353,0.4374279999996844,87.0,15.0,0.9174710799981209
354,0.30158899999932487,93.0,9.0,0.9129758188873918
355,0.3676590000001312,88.0,14.0,0.8864828699107956
356,0.41083300000011036,91.0,11.0,0.8887685745514826
357,0.28613399999954936,86.0,16.0,0.896606103862997
358,0.26049600000099815,93.0,9.0,0.898352833758653
359,0.17957999999929086,88.0,14.0,1.0417457809538864
360,0.24332999999998606,85.0,17.0,1.0134431514204738
361,0.1875780000002436,89.0,13.0,1.0487322228828535
362,0.13715700000105358,93.0,9.0,0.5186721383461794
363,0.13252099999938594,89.0,13.0,0.49125632553919657
364,0.19848300000013808,89.0,13.0,0.5667598085528333
365,0.1317260000011089,92.0,10.0,0.5750715054394412
366,0.11497799999915514,89.0,13.0,0.5733671537468374
367,0.16372900000050095,90.0,12.0,0.5662935192918888
368,0.12365099999911422,89.0,13.0,0.5694663445935213
369,0.1651309999992634,90.0,12.0,0.4363043816019328
370,0.13990999999968778,92.0,10.0,0.433892001077794
371,0.08798600000048395,92.0,10.0,0.40944818095329794
372,0.09024699999926611,93.0,9.0,0.3861307031161857
373,0.15435099999905333,89.0,13.0,0.4080616537814393
374,0.12815799999899014,84.0,18.0,0.37468931414259715
375,0.16508100000045545,92.0,10.0,0.4082964147470392
376,0.1385509999991541,91.0,11.0,0.41270982775559445
377,0.5560869999996498,92.0,10.0,0.41344831965330825
378,0.2490670000003803,89.0,13.0,0.40044846022150865
379,0.2681750000004257,86.0,16.0,0.40317925894378137
380,0.30384000000083233,86.0,16.0,0.4207226770090003
381,0.1583390000003959,87.0,15.0,0.42673501849894535
382,0.3295409999992671,91.0,11.0,0.45667298356466973
383,0.3397119999988263,87.0,15.0,0.46077646036407033
384,0.19135000000147784,86.0,16.0,0.43530465091386217
385,0.2216260000000858,88.0,14.0,0.4173702808146288
386,0.16207500000042785,90.0,12.0,0.4220437616593358
387,0.25175999999937915,91.0,11.0,0.42054819208103567
388,0.46897100000009573,87.0,15.0,0.42413226771328427
389,0.17441500000003884,92.0,10.0,0.46368301709894977
390,0.35541899999991244,93.0,9.0,0.4453415138948088
391,0.15780000000020777,82.0,20.0,0.48906123434766047
392,0.47392599999973584,93.0,9.0,0.48659485430809185
393,0.23994600000065702,90.0,12.0,0.4900347414894384
394,0.5101829999993868,90.0,12.0,0.47635104240829235
395,0.249526999999361,92.0,10.0,0.47601743221492965
396,0.1463679999993417,88.0,14.0,0.5218366236513106
397,0.33137600000010536,92.0,10.0,0.5165091042769404
398,0.18027999999858935,91.0,11.0,0.5222812282842852
399,0.13688199999961626,90.0,12.0,0.4763324655795955
400,0.13091900000006262,87.0,15.0,0.7960404307071428
401,0.3573370000005127,84.0,18.0,0.7617336022007833
402,0.3588990000000791,88.0,14.0,0.7645159157766855
403,0.2729600000002108,93.0,9.0,0.7694661355202257
404,0.3320479999988635,92.0,10.0,0.7918599478042949
405,0.2125929999987619,81.0,21.0,0.7882174926868217
406,0.2680909999988046,92.0,10.0,0.7296158526074776
407,0.2024030000011834,85.0,17.0,0.7371044696299223
408,0.3219930000000204,88.0,14.0,0.8808420190697163
409,0.31677499999993586,89.0,13.0,0.8864970144736631
410,0.2043050000004598,88.0,14.0,0.5721783680983975
411,0.1897499999987673,90.0,12.0,0.5694836087697539
412,0.23958400000090307,90.0,12.0,0.5497605023564972
413,0.22691500000071585,93.0,9.0,0.5266613041442512
414,2.372006999999954,79.0,23.0,0.9912696343699782
415,0.28218000000101995,90.0,12.0,1.197605966821401
416,0.18383100000107788,85.0,17.0,1.2059754077828688
417,0.31201600000052565,86.0,16.0,1.3888233599558137
418,0.20425299999971003,86.0,16.0,1.246756931060648
419,0.17686900000057904,90.0,12.0,1.2323516991165295
420,0.2866759999999857,91.0,11.0,1.2546994046005981
421,0.18492800000124987,87.0,15.0,1.2433722058782013
422,0.2054129999997656,91.0,11.0,1.242311505609624
423,0.34407300000083296,92.0,10.0,1.241163239675986
424,0.18205499999979224,91.0,11.0,0.7893067562482046
425,0.2963760000014304,92.0,10.0,0.5923275836921335
426,0.2825610000005696,91.0,11.0,0.5964953862704363
427,0.2061050000001785,90.0,12.0,0.41452165520164075
428,0.22674199999883626,90.0,12.0,0.4138234972558976
429,0.26480900000080965,90.0,12.0,0.6630689203367481
430,0.303266000001301,92.0,10.0,0.8231543275608999
431,0.19712599999976987,91.0,11.0,0.8383913600895354
432,0.2873030000003496,92.0,10.0,1.033714848109554
433,0.22753699999888966,88.0,14.0,1.0291673653372926
434,0.1961279999989074,88.0,14.0,1.0089046248261866
435,0.4210530000001711,92.0,10.0,1.0091720956984347
436,0.2930580000004568,90.0,12.0,1.4824307146925797
437,0.298275999998765,92.0,10.0,1.4832451156512527
438,0.2862800000009713,93.0,9.0,1.4632378728615172
439,0.2046440000000871,87.0,15.0,1.2040644780552845
440,0.3080529999994752,93.0,9.0,1.0462625359201803
441,0.19714100000101098,89.0,13.0,1.1231036700968466
442,0.6014620000005522,92.0,10.0,1.0496085315520056
443,0.2685260000010459,92.0,10.0,1.0675426899513674
444,0.20776500000074805,90.0,12.0,1.0527134601990062
445,0.2751419999995619,93.0,9.0,1.02648344159255
446,0.31485000000053276,92.0,10.0,0.5464985035351319
447,0.6255150000011866,89.0,13.0,0.5414042401713417
448,0.25365400000154636,88.0,14.0,0.5352858997938199
449,0.2792810000009638,89.0,13.0,0.5583802482543376
450,0.22218199999990418,87.0,15.0,0.5481189258642744
451,0.26370399999997574,85.0,17.0,0.4594131815486506
452,0.27491500000031976,83.0,19.0,0.9363069897859753
453,0.20635499999954732,85.0,17.0,0.9036264509496711
454,0.21914499999908799,88.0,14.0,0.9237831427445549
455,0.23536099999965643,93.0,9.0,0.9355507944101298
456,0.24426400000088222,89.0,13.0,1.0797161128650195
457,0.24864599999929737,93.0,9.0,1.055851631764994
458,0.2164389999990135,85.0,17.0,1.1737995773187415
459,0.18794400000032851,93.0,9.0,1.15313935805191
460,0.23351599999976713,91.0,11.0,1.1336487519720868
461,0.24742599999960646,92.0,10.0,1.1275079705246576
462,0.25699200000062206,91.0,11.0,0.658885261098473
463,0.25132400000060784,92.0,10.0,1.0623182581172337
464,0.44977900000020554,89.0,13.0,1.0717598525973309
465,0.25348899999855234,92.0,10.0,1.0723806746875575
466,0.3688369999998997,93.0,9.0,1.0075711298028829
467,0.40302000000025373,89.0,13.0,1.040667665430582
468,0.22300599999880433,91.0,11.0,0.9530831724027131
469,0.24118700000030913,90.0,12.0,0.9453995865876188
470,0.19105500000016207,92.0,10.0,0.9493771795578063
471,0.3390900000006525,90.0,12.0,0.9693645685637442
472,0.4063859999998698,93.0,9.0,0.8572574289189084
473,0.2094029999994973,93.0,9.0,0.46171663772480825
474,0.2524899999993835,87.0,15.0,0.4313012732583985
475,0.3126629999989916,89.0,13.0,0.49380226654357673
476,0.269964999999317,90.0,12.0,0.41448617226566997
477,0.3834889999989599,91.0,11.0,0.6874834504525644
478,0.22012499999846113,85.0,17.0,0.660789065424489
479,0.22813200000015854,93.0,9.0,0.6555120070617484
480,0.2234799999989434,85.0,17.0,0.680720861793241
481,0.302724999999171,92.0,10.0,1.0580162698278017
482,0.26794700000110083,88.0,14.0,1.165006615696133
483,0.22308700000017723,84.0,18.0,1.6025902602549358
484,0.23981000000006247,90.0,12.0,1.6531085820054365
485,0.23666000000055476,87.0,15.0,1.575183813527405
486,0.19520500000069774,90.0,12.0,1.5923365646916572
487,0.24981099999976664,93.0,9.0,1.3175835016266917
488,0.35540800000077866,92.0,10.0,1.3395931810677013
489,0.23081100000155175,86.0,16.0,1.3521559502600595
490,1.094367000000318,91.0,11.0,1.323507904512691
491,0.2110619999999841,89.0,13.0,0.946948546172117
492,0.26945399999966924,90.0,12.0,0.8386284774408616
493,0.29532900000006634,88.0,14.0,0.3995412686147958
494,0.1899870000006132,92.0,10.0,0.3800103949452776
495,0.2608449999996765,88.0,14.0,0.40516402357086323
496,1.9290099999995647,92.0,10.0,0.39993268445430774
497,0.7876350000000087,87.0,15.0,0.3669808206554677
498,0.2593550000007383,91.0,11.0,0.3772636877083471
499,0.3262929999987563,86.0,16.0,0.39356059218717265
500,0.1777919999987887,91.0,11.0,0.5068549227954733
501,0.575025999999923,87.0,15.0,0.5100607278004319
502,0.22889899999967156,88.0,14.0,0.482843735792504
503,0.33833100000002503,86.0,16.0,0.5062375521283556
504,0.24650499999978592,93.0,9.0,0.5030434370632548
505,0.17850000000052546,89.0,13.0,0.47823047318549783
506,0.5248570000002672,89.0,13.0,0.4514989134909541
507,0.19518499999904293,88.0,14.0,0.4512466130571468
508,0.30178100000100017,90.0,12.0,0.4426308185412907
509,0.258120999999889,93.0,9.0,0.4174331988922845
510,0.24484399999913364,90.0,12.0,0.7793044613702804
511,0.7574559999987684,92.0,10.0,0.7809058590331176
512,0.22918500000024267,89.0,13.0,0.7896501337441351
513,0.2619099999989771,84.0,18.0,0.7940326345950922
514,0.32524400000077947,92.0,10.0,0.7735492731907059
515,0.21785900000104164,88.0,14.0,0.8044174840637381
516,0.15838399999879016,91.0,11.0,0.8483353631965386
517,0.2998390000001905,90.0,12.0,0.8760579024997966
518,0.1662830000004334,91.0,11.0,0.8756226169851601
519,0.10478199999930382,92.0,10.0,0.8750979612917249
520,0.22082099999920501,82.0,20.0,0.7115782918902468
521,0.1364299999995211,92.0,10.0,0.6993330026812373
522,0.07863999999990767,90.0,12.0,0.6930777682069177
523,0.10296199999970668,92.0,10.0,0.6892030003665397
524,0.149448000000163,93.0,9.0,0.9528781458537331
525,0.16205900000088036,90.0,12.0,1.1238710663882323
526,0.16145299999870133,93.0,9.0,1.1014796332036716
527,0.14995599999956255,93.0,9.0,1.25537273477211
528,0.1732490000012632,90.0,12.0,1.2522072169938874
529,0.22951500000090164,91.0,11.0,1.2949725683156763
530,0.1356369999996332,92.0,10.0,0.993624292233951
531,0.09888300000149286,88.0,14.0,0.9983891838286916
532,0.1306640000002801,91.0,11.0,1.0259806626932622
533,0.25554800000016087,89.0,13.0,1.0343320242020433
534,0.14813900000021363,86.0,16.0,0.778799485976613
535,0.10691900000026067,82.0,20.0,0.5766572063480723
536,0.12623099999942156,93.0,9.0,0.674618843890768
537,0.17627399999931015,88.0,14.0,0.4950449555146804
538,0.3884719999991404,92.0,10.0,0.46640241251848946
539,0.35975599999993335,92.0,10.0,0.45458189712824576
540,0.31954199999972843,90.0,12.0,0.4722165586471448
541,0.3013530000011144,86.0,16.0,0.4405288844218035
542,0.419926999999376,87.0,15.0,0.7745870832626004
543,0.19655800000073498,90.0,12.0,0.7439594394905136
544,0.19019999999869697,93.0,9.0,0.891458977270674
545,0.1719149999992453,90.0,12.0,0.9195381674399492
546,0.21397299999925679,92.0,10.0,0.8140686597170849
547,0.24127700000065033,93.0,9.0,0.8802006400375127
548,0.12991200000023184,87.0,15.0,1.0351295058045813
549,0.23169300000169812,90.0,12.0,1.0112988332546613
550,0.24057899999974097,93.0,9.0,1.012688741531273
551,0.31560899999938385,89.0,13.0,1.0398909272657186
552,0.25513900000007084,88.0,14.0,0.6927420255848034
553,0.24111000000104355,84.0,18.0,0.7362420681568735
554,0.2467130000010087,88.0,14.0,0.607642994489862
555,0.1752579999987347,93.0,9.0,0.6062521266523945
556,0.45261199999835355,90.0,12.0,0.6094561301551863
557,0.15600900000123374,91.0,11.0,0.6552388085371035
558,0.09804199999940977,88.0,14.0,0.5310020013723445
559,0.1083229999991886,91.0,11.0,0.6589284467401967
560,0.10748500000090644,90.0,12.0,0.6355384230880674
561,0.06758500000003664,88.0,14.0,0.6056726481233994
562,0.1387209999990091,93.0,9.0,0.5893108720870075
563,0.08731599999833861,91.0,11.0,0.6300133312959801
564,0.12214599999893494,88.0,14.0,0.6526347624477224
565,0.0937870000008445,85.0,17.0,0.6671460327999341
566,0.0972899999993615,93.0,9.0,0.9878302396181745
567,0.13848099999869135,88.0,14.0,0.8786084637915117
568,0.13967900000011468,85.0,17.0,0.8845652342595265
569,0.11034599999959482,93.0,9.0,0.750622764778219
570,0.0912240000001674,89.0,13.0,0.7847339301336256
571,0.19397500000017942,91.0,11.0,0.8997865842662499
572,0.0901829999992998,89.0,13.0,1.0679418579250388
573,0.177713000001134,88.0,14.0,1.0033009869113976
574,0.13832800000024292,93.0,9.0,0.9466644919493568
575,0.16664300000002186,90.0,12.0,0.9341776292704402
576,0.1808770000000237,91.0,11.0,0.7145308191105002
577,0.17005000000125392,91.0,11.0,0.7415514773521806
578,0.19194899999952497,89.0,13.0,0.7445622296200355
579,0.17557900000042537,91.0,11.0,1.1348518289933636
580,0.10733499999915352,91.0,11.0,1.0950443483190029
581,0.0885029999988518,91.0,11.0,1.012462585766886
582,0.16402099999979214,92.0,10.0,0.8658711928096665
583,0.13143600000020683,92.0,10.0,0.8553432144212934
584,0.12179800000033936,92.0,10.0,0.9556950489748914
585,0.13184700000046234,92.0,10.0,0.9321662092165284
586,0.14608900000112612,92.0,10.0,0.807149052827512
587,0.16632400000027303,93.0,9.0,0.7760764710713743
588,0.1053020000014726,93.0,9.0,0.8957396197806418
589,0.24299399999883065,88.0,14.0,0.5135117946638303
590,0.1490660000005306,92.0,10.0,0.5343062829786064
591,0.18273000000057493,90.0,12.0,0.7302079027636061
592,0.09734400000027676,92.0,10.0,0.7276218250190176
593,0.1722189999995294,90.0,12.0,1.0013434272753472
594,0.1360320000003412,93.0,9.0,0.9691912348155739
595,0.10647499999905108,87.0,15.0,0.9868038807488503
596,0.14977500000057375,92.0,10.0,1.0219256419719187
597,0.09750999999980081,89.0,13.0,1.0262568488440322
598,0.144241999999295,92.0,10.0,1.1847447478678113
599,0.14255399999996143,91.0,11.0,1.1991460240484522
600,0.08136800000002609,91.0,11.0,1.2118752406079871
601,0.10559700000101202,91.0,11.0,1.008101848137683
602,0.1454429999991902,92.0,10.0,1.046338611592546
603,0.10299599999896714,89.0,13.0,0.7904718805116537
604,0.12367499999932363,91.0,11.0,0.9947447482028295
605,0.0977919999982646,91.0,11.0,0.9730163401333328
606,0.10087799999958236,93.0,9.0,1.0102736910688406
607,0.10194599999913123,90.0,12.0,1.0292121228102544
608,0.10009100000019089,92.0,10.0,0.7217212786217424
609,0.10972199999947918,88.0,14.0,0.7290148391879008
610,0.08632499999983168,88.0,14.0,1.286505632513796
611,0.16436800000008134,86.0,16.0,1.3251279407881884
612,0.0954499999998859,92.0,10.0,1.2951432697242997
613,0.1451260000013832,92.0,10.0,1.2776926165098221
614,0.1461400000000168,89.0,13.0,1.0289636910200766
615,0.13032800000090106,93.0,9.0,1.034634741834682
616,0.09248100000114334,91.0,11.0,0.9674987386663869
617,0.16471300000020506,92.0,10.0,0.9469124929526099
618,0.12294199999907107,92.0,10.0,1.0323027499069393
619,0.158073999999786,89.0,13.0,1.0286736183343688
620,0.10646700000016551,87.0,15.0,0.46458123453940486
621,0.1621160000002675,90.0,12.0,0.43447759883125203
622,0.095722000001075,90.0,12.0,0.43072232304578933
623,0.13477000000072792,93.0,9.0,0.6672074391307703
624,0.11253599999960784,91.0,11.0,0.6652116697856215
625,0.09247100000031594,91.0,11.0,0.68361371003775
626,0.13545399999870256,91.0,11.0,0.7072475564248236
627,0.07109899999946379,92.0,10.0,0.7776103142556792
628,0.11747199999945224,79.0,23.0,0.7169850360331026
629,0.09346100000051649,90.0,12.0,0.6944712988775606
630,0.1738919999993982,91.0,11.0,0.8896700987257262
631,0.12852500000093414,91.0,11.0,0.8623870032660121
632,0.18887800000122468,85.0,17.0,0.8479293457238285
633,0.12281499999922119,91.0,11.0,0.8140947940318043
634,0.09000900000089018,84.0,18.0,0.7926297821744683
635,0.2435670000000556,90.0,12.0,0.9500693867683487
636,0.12481599999958348,91.0,11.0,0.9210547249923288
637,0.1326949999995719,93.0,9.0,0.8789660845973053
638,0.15488300000043864,92.0,10.0,0.8783162431443238
639,0.12911999999865031,91.0,11.0,0.9013239257888663
640,0.11089800000085859,86.0,16.0,0.7530784581546733
641,0.14775699999880487,93.0,9.0,0.7629905494180257
642,0.11676799999982279,93.0,9.0,0.9000960529359212
643,0.12285800000100267,86.0,16.0,0.8610704843049455
644,0.16092999999983704,88.0,14.0,0.8702572309708522
645,0.11531400000031056,90.0,12.0,0.8336653254299591
646,0.2031440000003215,89.0,13.0,1.17345913060311
647,0.12493100000021684,91.0,11.0,1.141656926933917
648,0.14473199999898156,86.0,16.0,1.1467111403392956
649,0.139573000000226,85.0,17.0,1.1426991386968361
650,0.1708809999989569,91.0,11.0,1.1753693751617482
651,0.11769299999997429,89.0,13.0,1.166558802423662
652,0.08758799999952771,90.0,12.0,1.0327177559464906
653,0.1571229999992596,87.0,15.0,0.8807962893504715
654,0.1275990000006999,85.0,17.0,0.8726847955485972
655,0.10239199999872994,93.0,9.0,0.789030498928053
656,0.20779799999992576,92.0,10.0,0.566770233668862
657,0.12478000000015754,93.0,9.0,0.8602136557214436
658,0.16828899999943303,91.0,11.0,0.8213373332519993
659,0.07589400000007629,93.0,9.0,0.7989081943894376
660,0.1434759999998647,82.0,20.0,0.7152466177586604
661,0.14305800000080637,88.0,14.0,0.8129579520845625
662,0.15227100000103633,90.0,12.0,0.8148903043527028
663,0.10289600000135124,88.0,14.0,0.7936751065628187
664,0.13339200000039853,90.0,12.0,0.7972796069005866
665,0.10823300000062375,89.0,13.0,0.7434164541870985
666,0.0707809999997977,93.0,9.0,0.6244871056286968
667,0.11319300000067756,85.0,17.0,0.35568134618112596
668,0.07724900000027901,93.0,9.0,0.3633833565171997
669,0.14126099999955954,93.0,9.0,0.7932575222456819
670,0.10372300000049961,89.0,13.0,0.7701382031186839
671,0.24557899999955168,90.0,12.0,0.9356672996780582
672,0.21446200000063698,91.0,11.0,1.068791503487062
673,0.2798170000009037,93.0,9.0,1.095495584474707
674,0.2232749999997452,89.0,13.0,1.2178103590336413
675,0.16889299999967022,82.0,11.0,1.2187263200783924
676,0.2421450000014147,86.0,16.0,1.4190489871274417
677,0.19589400000086243,92.0,10.0,1.3948176832206436
678,0.28357400000089683,92.0,10.0,1.4365504867447947
679,0.2212809999999621,92.0,10.0,1.0494068352739894
680,0.2200800000000669,86.0,16.0,1.0494823790762275
681,0.20268599999972992,92.0,10.0,0.7874441663004645
682,0.20690800000089382,86.0,16.0,0.6600479088014708
683,0.24294800000035366,92.0,10.0,0.722503383371712
684,0.25092699999973433,93.0,9.0,0.6209381112173957
685,0.2341930000007153,90.0,12.0,0.7396176965462715
686,0.2419639999988732,92.0,10.0,0.5800640255809555
687,0.18821299999949304,91.0,11.0,0.6151384389450371
688,0.28382200000010016,90.0,12.0,0.5729981976260291
689,0.27032300000051634,84.0,18.0,0.7042655678009787
690,0.24133799999859207,91.0,11.0,0.7135403259848736
691,0.16534199999895804,93.0,9.0,0.7130009198898002
692,0.2344150000013201,93.0,9.0,0.7211577721014273
693,0.1968020000013837,89.0,13.0,0.6407769087307151
694,0.15650699999980588,89.0,13.0,0.6234902608954862
695,0.19315199999958566,88.0,14.0,0.4864212270364369
696,0.2707439999998229,83.0,19.0,0.4680787873928246
697,0.3284749999998837,91.0,11.0,0.6723100791298642
698,0.2270200000005218,88.0,14.0,0.6925051262453359
699,0.29604200000044045,93.0,9.0,0.6144239976629876
700,0.28121800000135977,89.0,13.0,0.7779059706873085
701,0.45278899999878774,93.0,9.0,0.9307433889488962
702,0.23621799999951065,93.0,9.0,0.928984082306718
703,0.27811700000057726,85.0,17.0,0.9630738186518115
704,0.26005900000036775,91.0,11.0,0.9789927858961931
705,0.18233599999994965,91.0,11.0,1.0170668421884486
706,0.21848400000124002,93.0,9.0,0.9972604489922745
707,0.4546779999987649,87.0,15.0,0.8364119780282138
708,0.11086199999965629,86.0,16.0,0.8408301540205201
709,0.25732599999983563,92.0,10.0,0.7660987749844551
710,0.16697800000109453,87.0,15.0,0.6327371789699526
711,0.3074000000005128,90.0,12.0,0.48596019635885457
712,0.169559999999791,91.0,11.0,0.4929475079507796
713,0.17986800000002745,90.0,12.0,0.4462587865430976
714,0.23080700000122079,86.0,16.0,0.44068987017646466
715,0.2427479999997928,90.0,12.0,0.43694472895738273
716,0.28330499999995595,93.0,9.0,0.4386690742793974
717,0.1954260000012198,89.0,13.0,0.3948303055284228
718,0.2458199999999522,87.0,15.0,0.3763072158977252
719,0.2318170000012998,93.0,9.0,0.39328135899303474
720,0.21227500000087218,93.0,9.0,0.3815079812310671
721,0.1623150000007456,93.0,9.0,0.45477984981185104
722,0.19232000000002358,90.0,12.0,0.45646069887975216
723,0.22700500000105706,84.0,18.0,0.4842155466237955
724,0.20242999999986466,90.0,12.0,0.4879515577003389
725,0.19262900000072136,87.0,15.0,0.49478868101268036
726,0.1598029999989592,86.0,16.0,0.4850290400448486
727,0.19321099999913827,90.0,12.0,0.4894939703685182
728,0.31618100000052607,84.0,9.0,0.5085584338472457
729,0.17173300000017377,90.0,12.0,0.49392264198643404
730,0.25794499999953757,90.0,12.0,0.48959688394211864
731,0.31483400000098527,93.0,9.0,0.43468020658639545
732,0.20106400000052815,90.0,12.0,0.39184645259572337
733,0.22996100000050035,91.0,11.0,0.47421685306053407
734,0.2105100000004967,92.0,10.0,0.4769107804926961
735,0.20559400000053074,87.0,15.0,0.4727601028710865
736,0.2073060000000737,93.0,9.0,0.5080259421404705
737,0.15579699999968,93.0,9.0,0.4785594241663347
738,0.19209800000119515,90.0,12.0,0.47730161051976977
739,0.2518330000000901,92.0,10.0,0.4861881162765755
740,0.19342999999949484,91.0,11.0,0.45796043146893195
741,0.19617100000068888,91.0,11.0,0.4432303150654434
742,0.19395899999885557,92.0,10.0,0.4758136482446048
743,0.3350960000005898,91.0,11.0,0.38990431996475794
744,0.21959899999934862,91.0,11.0,0.3854810342753822
745,0.30304899999933355,93.0,9.0,0.38810952691206496
746,0.2241639999986944,91.0,11.0,0.3616334744187014
747,0.2389780000005004,93.0,9.0,0.3751656128878807
748,0.21090499999942836,91.0,11.0,0.35761048124052197
749,0.2127909999991573,91.0,11.0,0.35865788825092865
750,0.2535340000004993,92.0,10.0,0.3893503550320133
751,0.19397500000017942,87.0,15.0,0.4117645004401879
752,0.18352300000046284,93.0,9.0,0.40451182742021813
753,0.21697599999903616,90.0,12.0,0.3948170113530566
754,0.14666599999912933,91.0,11.0,0.4001753065366259
755,0.07930700000002844,92.0,10.0,0.3662353815126892
756,0.12128299999858427,84.0,9.0,0.40196354820418206
757,0.13075900000103502,82.0,20.0,0.37880109746133994
758,0.08810499999967192,93.0,9.0,0.3812641593147873
759,0.08865599999907658,88.0,14.0,0.33993464978692034
760,0.12583200000015893,92.0,10.0,0.3367625754980551
761,0.0935549999994123,90.0,12.0,0.4045633803463957
762,0.12223300000080428,90.0,12.0,0.3905350048618132
763,0.0845179999995338,93.0,9.0,0.4496532860142878
764,0.1035329999989898,90.0,12.0,0.4555628541140706
765,0.1692369999997112,91.0,11.0,0.48810085501101524
766,0.13280899999834617,91.0,11.0,0.540060199976601
767,0.11329900000056625,79.0,14.0,0.5410178627245201
768,0.13283699999888654,88.0,14.0,0.5440221704078766
769,0.12166899999854763,91.0,11.0,0.5774897375877828
770,0.11575699999966105,90.0,12.0,0.6002472433381953
771,0.08748100000133263,93.0,9.0,0.5277623772107987
772,0.17008800000084534,88.0,14.0,0.5509449270733938
773,0.09587400000121704,86.0,16.0,0.47346436911188905
774,0.1556459999996207,90.0,12.0,0.4563479199495021
775,0.13209199999941745,89.0,13.0,0.43287843729809905
776,0.18452999999851727,91.0,11.0,0.3758974813135154
777,0.15597899999875153,90.0,12.0,0.4071113176621452
778,0.14552899999920044,93.0,9.0,0.39042055321692287
779,0.07604900000046655,92.0,10.0,0.4780780903804242
780,0.12285100000042348,88.0,14.0,0.45361520142834166
781,0.15623600000047588,92.0,10.0,0.45165150089492273
782,0.12303599999974324,91.0,11.0,0.45295941942507484
783,0.12496099999914634,90.0,12.0,0.5080948602505657
784,0.1255719999999627,87.0,15.0,0.6596333016651329
785,0.10965799999951287,93.0,9.0,0.6747017079668168
786,0.11441199999850937,90.0,12.0,0.6623760780684776
787,0.16670399999973995,91.0,11.0,0.623262422688667
788,0.12070400000041559,87.0,15.0,0.6539591699982694
789,0.17455000000055065,90.0,12.0,0.5699722602432757
790,0.21813000000037164,89.0,13.0,0.5697948356349641
791,0.18193100000019058,88.0,14.0,0.569359653395118
792,0.15902099999998143,91.0,11.0,0.5617576514251581
793,0.18941300000108185,88.0,14.0,0.5140710079445938
794,0.24141599999971675,83.0,19.0,0.3546226635685187
795,0.2936099999999442,91.0,11.0,0.33434475472899267
796,0.2820630000002211,91.0,11.0,0.3386654906044299
797,0.32059899999836716,88.0,14.0,0.3705667432303045
798,0.21248599999879048,91.0,11.0,0.3408675479802312
799,0.23480499999983806,92.0,10.0,0.3106122501244755
800,0.1890360000000868,90.0,12.0,0.28983796924167393
801,0.2582049999997338,89.0,13.0,0.26456759938891994
802,0.2053869999993907,93.0,9.0,0.24648439870571365
803,0.21587900000064053,90.0,12.0,0.27214986563358823
804,0.30920100000031425,92.0,10.0,0.39390508350215897
805,0.25200800000035883,93.0,9.0,0.4031566465325966
806,0.1696449999997185,93.0,9.0,0.38473275844272053
807,0.29938499999992985,91.0,11.0,0.3677971445533913
808,0.27494100000069466,88.0,14.0,0.4012552974852014
809,0.1670349999987053,81.0,21.0,0.48773850539651137
810,0.2083859999988391,92.0,10.0,0.48995818456005935
811,0.23487900000063178,91.0,11.0,0.51328671768606
812,0.18124900000060506,88.0,14.0,0.5056908479989588
813,0.25931999999961874,89.0,13.0,0.49046257614770494
814,0.20226700000058884,88.0,14.0,0.3844937676773569
815,0.261839000000208,90.0,12.0,0.40660665291692055
816,0.3192629999997365,91.0,11.0,0.5014387619182145
817,0.3234500000015572,90.0,12.0,0.49352548405894936
818,0.2901350000001912,91.0,11.0,0.48767868453097946
819,0.2814679999989522,91.0,11.0,0.4284873439775893
820,0.18884099999993964,91.0,11.0,0.4168067021265955
821,0.1940640000004379,89.0,13.0,0.38431261295772573
822,0.26938099999895826,93.0,9.0,0.5428355029942381
823,0.2932609999994895,93.0,9.0,0.5584006210152012
824,0.36636699999981204,89.0,13.0,0.5585266246667231
825,0.19136200000069437,92.0,10.0,0.5491657518162285
826,0.15924300000058622,88.0,14.0,0.457761739427977
827,0.2306230000002074,88.0,14.0,0.48307322510947304
828,0.22625099999906695,92.0,10.0,0.5451585589662884
829,0.35308100000008835,91.0,11.0,0.6079437257325381
830,0.26855800000014085,92.0,10.0,0.6166629881824264
831,0.20544100000030596,69.0,24.0,0.7649798186621851
832,0.2022039999989289,91.0,11.0,0.6430881829180549
833,0.2558459999999485,91.0,11.0,0.653060326502208
834,0.1679649999992705,89.0,13.0,0.6357587379601796
835,0.18387699999955487,85.0,17.0,0.6353131542813031
836,0.13948100000149566,89.0,13.0,0.6196166478633216
837,0.18989199999985829,89.0,13.0,0.6305972370438354
838,0.22892199999979823,92.0,10.0,0.5489784259144642
839,0.15588099999952476,87.0,15.0,0.4589053612448836
840,0.26291700000058427,87.0,15.0,0.4676834711192882
841,0.26816599999968105,90.0,12.0,0.3599389455172542
842,0.17038500000055024,92.0,10.0,0.3188367822226496
843,0.29445999999921924,88.0,14.0,0.31229569818665937
844,0.24177800000124705,86.0,16.0,0.32839893551501687
845,0.178737000000595,89.0,13.0,0.3076192135262346
846,0.48075700000005384,92.0,10.0,0.3404871432473513
847,0.1371900000002313,92.0,10.0,0.32873821211931753
848,0.1165970000016614,91.0,11.0,0.32417893925574787
849,0.10559099999873922,91.0,11.0,0.37081749514088075
850,0.09171999999857405,91.0,11.0,0.3730443510792355
851,0.09862299999952029,93.0,9.0,0.35758192061580163
852,0.12730499999946687,91.0,11.0,0.3671178848602324
853,0.10938599999832377,92.0,10.0,0.3408100772650343
854,0.08576200000121048,91.0,11.0,0.31986746086924145
855,0.13473399999952562,93.0,9.0,0.32064046296238474
856,0.1545190000005192,86.0,16.0,0.3128874093223516
857,0.11196600000040746,87.0,15.0,0.3151046924339525
858,0.11599199999956511,90.0,12.0,0.3283674075869527
859,0.10568800000143597,91.0,11.0,0.3148529848299845
860,0.11501000000002648,72.0,12.0,0.3277126025163284
861,0.11816100000139329,93.0,9.0,0.3629910779880433
862,0.1590490000005218,79.0,14.0,0.38915858416389854
863,0.0783309999992099,93.0,9.0,0.391459701386448
864,0.10034400000158428,91.0,11.0,0.3912152463605693
865,0.1017430000000985,91.0,11.0,0.4107811145267661
866,0.08357799999991755,92.0,10.0,0.40294734644127034
867,0.1548409999987399,89.0,13.0,0.3799748202547974
868,0.11105799999988619,91.0,11.0,0.3947605472156738
869,0.08187699999950837,93.0,9.0,0.3567329329587864
870,0.09180500000027791,93.0,9.0,0.36316396323693567
871,0.09561600000118631,87.0,15.0,0.31863886638637384
872,0.10424499999928116,93.0,9.0,0.3155944013259827
873,0.14260500000062848,93.0,9.0,0.33779662289271783
874,0.1629249999997029,93.0,9.0,0.36356465400255045
875,0.15457800000007182,92.0,10.0,0.363146820067972
876,0.13144299999900966,86.0,16.0,0.36617882530722456
877,0.11425499999972999,93.0,9.0,0.3868556269746918
878,0.4662710000005177,93.0,9.0,0.3859441450588932
879,0.3265869999999893,93.0,9.0,0.40663044023264233
880,0.2126550000003391,83.0,19.0,0.4006760526279464
881,0.21909700000044552,89.0,13.0,0.3938243583295488
882,0.25331800000039095,90.0,12.0,0.4320167337143417
883,0.2665369999999001,93.0,9.0,0.4273378052138114
884,0.2698580000011219,93.0,9.0,0.4076805022079938
885,0.2022970000012947,90.0,12.0,0.38697103569206914
886,0.27646300000050417,93.0,9.0,0.3960864388386753
887,0.27798400000023094,89.0,13.0,0.37155751409819116
888,0.26408500000130175,92.0,10.0,0.4713109788749293
889,0.19784899999919503,92.0,10.0,0.4800244558217699
890,0.3164949999998612,87.0,15.0,0.5154862164053811
891,0.3244679999987454,91.0,11.0,0.5384958989431581
892,0.18341400000032593,92.0,10.0,0.48902007801417824
893,0.20304099999890468,93.0,9.0,0.48466234863031304
894,0.10524400000022638,92.0,10.0,0.4996983945338414
895,0.14004099999986863,85.0,17.0,0.5286415276113672
896,0.10873999999994055,92.0,10.0,0.5294649414160262
897,0.14285900000032825,89.0,13.0,0.6419148530698067
898,0.12959900000097946,88.0,14.0,0.5428923031944933
899,0.12546600000007402,93.0,9.0,0.5443590822855299
900,0.20997399999878041,93.0,9.0,0.49025367032178624
901,0.09436999999934415,85.0,17.0,0.4937174944126568
902,0.08424399999995558,91.0,11.0,0.4898102366360547
903,0.14365100000013342,90.0,12.0,0.4973288790342707
904,0.10413900000116882,89.0,13.0,0.48447826862134064
905,0.09331299999892906,93.0,9.0,0.45690739004552655
906,0.09892599999972163,91.0,11.0,0.43287965332830397
907,0.1575759999994375,88.0,14.0,0.3466841853905976
908,0.15648199999951373,87.0,15.0,0.34590657229766464
909,0.12409400000024107,91.0,11.0,0.31379529850715926
910,0.13150500000058685,88.0,14.0,0.31620898200369113
911,0.12450100000016562,92.0,10.0,0.31475115098385514
912,0.14230000000026166,91.0,11.0,0.30705609989144306
913,0.10123899999925356,93.0,9.0,0.28422019266090925
914,0.1269500000002921,90.0,12.0,0.2995597623566155
915,0.13643900000026576,88.0,14.0,0.3235517515037046
916,0.24391699999881666,91.0,11.0,0.35232868195157324
917,0.15104000000043527,88.0,14.0,0.35558519264421024
918,0.10628000000068027,92.0,10.0,0.3310923246109567
919,0.11029000000029043,91.0,11.0,0.3682666470020706
920,0.09702200000027972,87.0,15.0,0.3608862707273673
921,0.1745750000008428,93.0,9.0,0.41434862862062544
922,0.09502099999991742,88.0,14.0,0.47640423082744976
923,0.09673199999937765,83.0,19.0,0.4629795761951698
924,0.09801500000072849,92.0,10.0,0.44876900154060734
925,0.14209699999945258,92.0,10.0,0.42365708681860925
926,0.10588299999980677,91.0,11.0,0.4298956472662624
927,0.12707299999981103,83.0,19.0,0.43752424175713
928,0.10264199999987511,92.0,10.0,0.5637614858623138
929,0.14390599999991593,93.0,9.0,0.5511559598736525
930,0.11706100000097308,91.0,11.0,0.5795386868257779
931,0.34070300000088594,92.0,10.0,0.6111280510146585
932,0.09706500000028484,90.0,12.0,0.5660100143223332
933,0.17997199999975066,90.0,12.0,0.6195064108692975
934,0.12201499999875409,93.0,9.0,0.6700937735493596
935,0.1291809999983684,91.0,11.0,0.701087134100753
936,0.1501580000002889,93.0,9.0,0.6866838741429604
937,0.11456100000017955,89.0,13.0,0.6608156590074941
938,0.09365000000016721,89.0,13.0,0.528524745655919
939,0.1420549999995302,89.0,13.0,0.5273629098944269
940,0.1160789999996581,90.0,12.0,0.5270383681210831
941,0.14370999999968603,91.0,11.0,0.440102999385509
942,0.10892000000062296,90.0,12.0,0.47792919446359006
943,0.1206679999992133,89.0,13.0,0.44660536016573504
944,0.16636700000027815,93.0,9.0,0.45069772221295923
945,0.13544300000134513,90.0,12.0,0.45137648635927974
946,0.18106399999950895,89.0,13.0,0.5203914343824962
947,0.13649300000118103,87.0,15.0,0.535803014993759
948,0.12110800000009192,91.0,11.0,0.5407981938736384
949,0.11995399999875644,91.0,11.0,0.5479640456462548
950,0.3474579999984684,92.0,10.0,0.6441839300699712
951,0.1507600000003606,91.0,11.0,0.6441785179395267
952,0.1970470000003388,93.0,9.0,0.592560983230132
953,0.13743000000054906,88.0,14.0,0.5937463670022239
954,0.19824800000023401,92.0,10.0,0.5646327925489019
955,0.09237599999956103,92.0,10.0,0.5294216910037036
956,0.18988900000138642,92.0,10.0,0.5671439356498127
957,0.1625619999998662,93.0,9.0,0.5635989764696901
958,0.15157500000029245,89.0,13.0,0.5631983870502069
959,0.12512700000044674,92.0,10.0,0.663964664915332
960,0.15196000000017307,93.0,9.0,0.5917919585310273
961,0.10072300000096845,89.0,13.0,0.5629177071517276
962,0.14221200000008594,91.0,11.0,0.5890588988943023
963,0.10453500000018323,93.0,9.0,0.5758168682065786
964,0.09786399999889284,89.0,13.0,0.5681670102349144
965,0.1412250000001336,93.0,9.0,0.6041621743313967
966,0.10738799999998605,92.0,10.0,0.47966225716832156
967,0.10683299999847407,88.0,14.0,0.4824665655746173
968,0.12975500000145246,91.0,11.0,0.5100735105440422
969,0.11091800000073704,92.0,10.0,0.4082772976152981
970,0.09648300000009158,92.0,10.0,0.4436443551671118
971,0.21504999999955032,92.0,10.0,0.47790520663529323
972,0.14963599999973098,91.0,11.0,0.47102108689612693
973,0.09844999999941706,92.0,10.0,0.5493405727562333
974,0.12580199999945307,87.0,15.0,0.5303120466794681
975,0.14404999999939605,87.0,15.0,0.5253202677841855
976,0.14033399999924256,90.0,12.0,0.5253297882772656
977,0.12686999999900195,91.0,11.0,0.5036918176886317
978,0.16195500000115715,93.0,9.0,0.47657675076202394
979,0.11422699999918962,88.0,14.0,0.453408856588851
980,0.08401400000046522,91.0,11.0,0.36537780039783174
981,0.21087899999905346,90.0,12.0,0.3377287632823226
982,0.21182999999957985,93.0,9.0,0.4198912519950909
983,0.1010800000003087,90.0,12.0,0.41761226004320945
984,0.10992700000045375,93.0,9.0,0.4329962455634728
985,0.16434700000012015,91.0,11.0,0.43852139596707645
986,0.09242199999981437,93.0,9.0,0.4631155097879045
987,0.13740800000050513,91.0,11.0,0.45936740642765417
988,0.15122800000000325,85.0,17.0,0.48583039713066684
989,0.07309700000135422,86.0,16.0,0.47759179639803906
990,0.14215900000102977,89.0,13.0,0.5007080433285666
991,0.12327000000134092,93.0,9.0,0.5002137429715063
992,0.09841699999846298,89.0,13.0,0.3953270608392202
993,0.10994300000000123,90.0,12.0,0.3198123119642261
994,0.1275990000006999,91.0,11.0,0.3210269300749147
995,0.15848899999859611,93.0,9.0,0.3257967012515934
996,0.10064300000145465,93.0,9.0,0.3053136032567977
997,0.10489399999968896,91.0,11.0,0.3061794724691055
998,0.10332699999970885,91.0,11.0,0.278011773279745
999,0.14391100000032964,91.0,11.0,0.3099293521439449
1000,0.2036580000002175,92.0,10.0,0.30770604920220135
