iteration,MSE_trg,MSE_val,MSE_tst,acc_trg,acc_val,acc_tst,elapsed
0,0.151834729685,0.149955786549,0.149986473371,0.453037841098,0.456806874717,0.444142921755,0.00781454999999
10,0.151692841916,0.149849348894,0.14987076464,0.452585557063,0.45816372682,0.443238353686,0.084637843
20,0.159838069955,0.157681745454,0.15763222348,0.39017036032,0.403437358661,0.390321121664,0.16837512
30,0.159908335678,0.157736794197,0.157700032472,0.388813508216,0.402080506558,0.389416553596,0.248201429
40,0.159540762644,0.157271704786,0.15735474156,0.391828735112,0.399819086386,0.389416553596,0.3283443
50,0.159511314168,0.157351588358,0.157382788766,0.393487109905,0.402532790592,0.389416553596,0.409670356
60,0.156225374987,0.154003471007,0.154279291268,0.406151062867,0.416101311624,0.403437358661,0.490655693
70,0.150071602804,0.148008235722,0.148362926278,0.445047489824,0.459520578924,0.442786069652,0.575496666
80,0.145792568901,0.143853583624,0.144277611668,0.469018543645,0.47263681592,0.468566259611,0.658590582
90,0.144434015117,0.142581582355,0.142867558884,0.473390622644,0.475350520127,0.471279963817,0.741462007
100,0.143932804154,0.142232718874,0.14225836017,0.477461178954,0.477159656264,0.47670737223,0.826335361
110,0.140070442624,0.138952191607,0.13849136983,0.498869289914,0.489823609227,0.490728177295,0.908434564
120,0.138703474617,0.137895573864,0.137075408944,0.508367254636,0.493894165536,0.500226142017,0.990217088
130,0.135856465815,0.135301257267,0.134019388294,0.528267752148,0.517865219358,0.52329262777,1.072509701
140,0.133139761266,0.132471722138,0.130980432229,0.539725614352,0.526910900045,0.54183627318,1.154292928
150,0.132109430407,0.131605885682,0.129829863456,0.545756068144,0.531433740389,0.543193125283,1.234438292
160,0.13158283963,0.13093957618,0.129442625102,0.549525101764,0.537313432836,0.545906829489,1.313818251
170,0.132590240587,0.131152817689,0.130502414393,0.541082466456,0.546811397558,0.551334237901,1.3932881
180,0.129464406764,0.128180964134,0.127409103463,0.558420021107,0.55947535052,0.564902758933,1.473410216
190,0.129247066331,0.128016592795,0.127222012042,0.55977687321,0.561736770692,0.566259611036,1.55414054
200,0.129287538517,0.128141639826,0.12746277801,0.556761646314,0.560379918589,0.562189054726,1.637000496
210,0.124237496071,0.12327981698,0.122303319598,0.583295642997,0.594753505201,0.597919493442,1.718321369
220,0.119928210255,0.119102803486,0.117952876552,0.605005276647,0.609678878336,0.61736770692,1.799921935
230,0.119269288026,0.118396689065,0.117119983788,0.609075832956,0.611940298507,0.617819990954,1.880216599
240,0.118255812498,0.117285269301,0.11620134474,0.611789537163,0.625961103573,0.615558570782,1.962024232
250,0.117887732598,0.116811298234,0.115756724963,0.616463138851,0.628222523745,0.620985979195,2.046358069
260,0.116785181923,0.115480046924,0.114404454631,0.623247399367,0.635911352329,0.631388511986,2.128617099
270,0.116226143795,0.114963073782,0.113902339241,0.621438263229,0.635006784261,0.632745364089,2.209530162
280,0.112201365849,0.111414241281,0.109869001318,0.645710839741,0.655811849842,0.66078697422,2.289694437
290,0.112069835156,0.111213193385,0.110337654918,0.641941806121,0.658977838082,0.650836725464,2.370043887
300,0.110399027756,0.109635682471,0.108336108055,0.647972259913,0.662596110357,0.658073270014,2.45150808
310,0.111784163024,0.111157388712,0.110008407631,0.634403738881,0.640434192673,0.642695612845,2.540953383
320,0.104050394423,0.103293905066,0.101529622578,0.678878335595,0.693351424695,0.688376300317,2.621585632
330,0.102934556254,0.102242004462,0.100308659106,0.681441278456,0.698778833107,0.692446856626,2.704747048
340,0.101446402592,0.100776765145,0.0988949331452,0.68943162973,0.704658525554,0.703753957485,2.785461265
350,0.103620863754,0.103324189471,0.101696220553,0.672847881803,0.687019448213,0.685210312076,2.865403569
360,0.0990362371462,0.0984248581704,0.0964316216484,0.699532639831,0.71460877431,0.713704206242,2.946218668
370,0.0980865146839,0.0974909856336,0.0955801442963,0.706316900347,0.722297602895,0.715513342379,3.032171753
380,0.098085215754,0.0974939212529,0.0955991209724,0.705864616312,0.722749886929,0.715513342379,3.112967134
390,0.0979502703657,0.0973531694679,0.0954325228003,0.706618423036,0.724559023066,0.718227046585,3.19275566
400,0.0970744341604,0.0964947341927,0.0945832073741,0.707221468415,0.722749886929,0.726368159204,3.272399553
410,0.0959496558051,0.0959020742107,0.0936594171874,0.714910297,0.726820443238,0.728629579376,3.352383875
420,0.09575707074,0.0957424303107,0.0933845279413,0.714156490276,0.726820443238,0.729534147445,3.432280647
430,0.0937298939794,0.0935796030897,0.09104014716,0.722599125584,0.735413839891,0.74038896427,3.513013265
440,0.0867859614502,0.0872200239301,0.0848534754282,0.756671189507,0.748982360923,0.760741745816,3.601604168
450,0.0865502069312,0.0869376874076,0.0845656226026,0.756671189507,0.751243781095,0.760741745816,3.682620454
460,0.08643721238,0.0867893757786,0.0844392425673,0.758178802955,0.751243781095,0.762098597919,3.763483998
470,0.0859615395588,0.0863719326121,0.0840814721966,0.759234132368,0.751243781095,0.762098597919,3.844421572
480,0.0850069320128,0.0851435313032,0.0832244895593,0.762400120609,0.761646313885,0.768430574401,3.92569355
490,0.0835238569999,0.0836314652547,0.081718120401,0.771144278607,0.771144278607,0.778833107191,4.00794407
500,0.0827593675402,0.0828247484939,0.0809166448055,0.7728026534,0.774310266848,0.778833107191,4.090019276
510,0.0823541565993,0.0825020769566,0.0805015296293,0.775365596261,0.777023971054,0.781546811398,4.171543538
520,0.0815921388694,0.0817794010738,0.0797879953418,0.778380823157,0.780189959294,0.783355947535,4.253278281
530,0.0840769162952,0.0835210743364,0.0817996612612,0.770541233228,0.779285391226,0.785165083673,4.33451801
540,0.0810630281708,0.081396305579,0.0793611104384,0.780491481984,0.780642243329,0.785165083673,4.415697952
550,0.0808186419453,0.0808544995113,0.0790874099982,0.783657470225,0.788331071913,0.782451379466,4.497477199
560,0.079320613533,0.0793930558869,0.0775207501082,0.78697421981,0.790140208051,0.789235639982,4.581344027
570,0.0792296150982,0.0791186428559,0.0772815503036,0.7872757425,0.794663048394,0.789687924016,4.661925564
580,0.0766958635932,0.0769754778606,0.074917528912,0.794964571084,0.802351876979,0.798281320669,4.745521762
590,0.0764407803572,0.0766346630924,0.0747085151078,0.793306196291,0.799185888738,0.798733604704,4.825568415
600,0.0761655547163,0.0764107995973,0.0746048119039,0.79421076436,0.798733604704,0.798733604704,4.90661051
610,0.0755667094216,0.075897611113,0.0740884035654,0.796019900498,0.800090456807,0.798733604704,4.988107786
620,0.075069396263,0.0753570302459,0.0735366587695,0.800391979496,0.802351876979,0.804613297151,5.069999879
630,0.0740835315257,0.0747118315803,0.0727269057961,0.801598070255,0.805065581185,0.80144730891,5.151542722
640,0.074039346541,0.0746493954646,0.0726643134967,0.801899592944,0.806422433288,0.800542740841,5.233226178
650,0.0744538775516,0.0750444838815,0.0730199076424,0.802502638324,0.805065581185,0.799638172773,5.314166055
660,0.073849316576,0.0744317774643,0.0725428829545,0.801899592944,0.806874717322,0.799638172773,5.395251455
670,0.0734964056638,0.074011059529,0.0721187612998,0.804462535806,0.804161013116,0.805065581185,5.482595841
680,0.0704089379941,0.0708662986476,0.0692289493198,0.818332579527,0.817729534147,0.818181818182,5.562918976
690,0.0700860404596,0.0706299693494,0.0690019048723,0.819237147595,0.818634102216,0.818634102216,5.645888534
700,0.0705070732285,0.0711587343164,0.0696989543946,0.815317352631,0.813206693804,0.807327001357,5.725973227
710,0.0670835874179,0.0679965524253,0.0663015454593,0.832956429971,0.829941203076,0.832202623247,5.807703643
720,0.0662214685242,0.0671214326357,0.0654354716988,0.83732850897,0.834916327454,0.835820895522,5.888670367
730,0.0661061313013,0.067102349496,0.0653858591786,0.836574702246,0.834011759385,0.835820895522,5.969507239
740,0.0660023610909,0.0657682879827,0.0661617788817,0.817729534147,0.82315694256,0.816824966079,6.051250846
750,0.0648756626882,0.0658356489521,0.0640934711583,0.841700587969,0.841700587969,0.842605156038,6.132762072
760,0.0648480863397,0.0655555532083,0.0637752900114,0.8407960199,0.843057440072,0.843962008141,6.214415399
770,0.0642378836547,0.0651765273204,0.0632632486754,0.841248303935,0.836725463591,0.841700587969,6.294968983
780,0.064122323579,0.0650600281907,0.0631979206071,0.841851349314,0.836725463591,0.843057440072,6.37659148
790,0.0634037510916,0.0642595352975,0.0625355803737,0.846524951003,0.845318860244,0.846675712347,6.457337247
800,0.063251382624,0.0641714998659,0.0624080080369,0.846675712347,0.84486657621,0.84803256445,6.537305597
810,0.0599064345588,0.0606644357154,0.0592401425466,0.85903814262,0.857982813207,0.862053369516,6.617541698
820,0.0593608599222,0.0601346217605,0.0587280483632,0.860545756068,0.859791949344,0.863410221619,6.698516146
830,0.0601663309539,0.0609925029905,0.0595347028618,0.858585858586,0.857078245138,0.860696517413,6.778902122
840,0.0583244983982,0.0588288111049,0.0575661035768,0.863410221619,0.865671641791,0.866123925825,6.862099017
850,0.0579338743948,0.0584123273676,0.057123379176,0.869289914066,0.869289914066,0.871551334238,6.945830831
860,0.0607641201857,0.062280523447,0.060938974704,0.837931554349,0.834011759385,0.834464043419,7.027649743
870,0.0562945748613,0.0569186582411,0.0556753602293,0.868988391376,0.868385345997,0.872455902307,7.109927599
880,0.0559236965121,0.0564129901897,0.0552767467366,0.872305140962,0.871551334238,0.874717322479,7.191743635
890,0.0554937014329,0.0560136985415,0.0549293222483,0.874114277099,0.874717322479,0.876526458616,7.27303966
900,0.0549313775069,0.0556123750617,0.0543991366583,0.876224935926,0.875169606513,0.876526458616,7.356332465
910,0.0546894201546,0.0553779832024,0.054268961421,0.877431026685,0.874717322479,0.879240162822,7.442565556
920,0.0517668766014,0.0522331528417,0.0514520974261,0.887381275441,0.886928991407,0.886928991407,7.524519562
930,0.0513896923966,0.0517896154084,0.0510070849167,0.887532036786,0.886024423338,0.886928991407,7.606496486
940,0.0512638825241,0.0516466493455,0.0508552747145,0.888436604855,0.887381275441,0.889642695613,7.693193445
950,0.051088974766,0.051545300341,0.0507703795591,0.889341172923,0.887833559475,0.889190411578,7.774996704
960,0.0510422889093,0.0515488895244,0.0507368548022,0.888135082165,0.884667571235,0.88828584351,7.85756159
970,0.05099070825,0.0515012721308,0.0509857695028,0.888436604855,0.888738127544,0.888738127544,7.939322726
980,0.0508191487669,0.0513245183221,0.0505456933202,0.889190411578,0.889642695613,0.890999547716,8.022003588
990,0.050625050048,0.0512717007733,0.0503524202196,0.891150309061,0.889190411578,0.890547263682,8.104051266
1000,0.0493739167137,0.0499749067427,0.0490341456841,0.892507161164,0.89145183175,0.893260967888,8.185547118
1010,0.0492567647479,0.0499663221997,0.0490578731375,0.89175335444,0.888738127544,0.89145183175,8.266868888
1020,0.0491850002832,0.0500697645869,0.0489412019655,0.889190411578,0.891904115785,0.890999547716,8.348926502
1030,0.0489207978247,0.0495704728036,0.0485267761927,0.892959445198,0.892356399819,0.894617819991,8.430270136
1040,0.0484369757019,0.0491105229446,0.0480914717321,0.894014774612,0.893260967888,0.895974672094,8.512224589
1050,0.0483407237296,0.0489314902924,0.0479605730352,0.894014774612,0.892808683853,0.89552238806,8.593951111
1060,0.0471834667055,0.0478544827182,0.0469242833708,0.895974672094,0.896879240163,0.895974672094,8.67510005
1070,0.0469851417423,0.0477226387725,0.046857626552,0.894919342681,0.896426956128,0.895974672094,8.756846767
1080,0.0468439026421,0.0477258963278,0.0467792802992,0.893411729233,0.894617819991,0.892808683853,8.838849254
1090,0.0462533755776,0.0471038753024,0.0463288424498,0.894919342681,0.89552238806,0.894617819991,8.92182607
1100,0.0455012860137,0.0458390373344,0.0453508370195,0.901100557817,0.90275893261,0.899140660335,9.003667936
1110,0.0456162000198,0.0459173509124,0.0454453251262,0.901552841851,0.905020352782,0.900949796472,9.084651652
1120,0.04513046086,0.0459725844348,0.0451447594193,0.899743705714,0.899140660335,0.900045228403,9.16585876
1130,0.0447818551707,0.0454493077008,0.0449097661069,0.903965023368,0.904115784713,0.903211216644,9.249114043
1140,0.0446066206248,0.0453529110814,0.0447815632634,0.903814262023,0.900949796472,0.900497512438,9.330207744
1150,0.0444002289858,0.0451926981584,0.0445881143148,0.904869591437,0.901854364541,0.901854364541,9.41666024
1160,0.0447866462956,0.0461662535544,0.0450868603605,0.898537614956,0.89552238806,0.897783808232,9.498668719
1170,0.0439087233059,0.0447840363444,0.0442844754062,0.905774159506,0.902306648575,0.903663500678,9.580109618
1180,0.0438838387813,0.0448632900773,0.0442718910521,0.905020352782,0.900949796472,0.90275893261,9.661042875
1190,0.0437508846736,0.0447638193752,0.0441775803902,0.904417307402,0.900949796472,0.900949796472,9.741744854
1200,0.0430888478456,0.0440805560005,0.0436372438949,0.906527966229,0.90275893261,0.904115784713,9.822612169
1210,0.0438210583121,0.045280190486,0.0447206513855,0.897783808232,0.895070104025,0.890094979647,9.90525011
1220,0.0422653149343,0.0429471183607,0.0430376878798,0.904266546058,0.904115784713,0.902306648575,9.987148428
1230,0.047414333744,0.0482455787727,0.0488716192785,0.881501582994,0.879692446857,0.878335594754,10.068640461
1240,0.0413705469209,0.0422060571586,0.0421920058132,0.906527966229,0.901854364541,0.90275893261,10.149598716
1250,0.0413089314569,0.0419653534658,0.041985597302,0.907281772953,0.905472636816,0.904568068747,10.230412067
1260,0.0400937278196,0.0404972286458,0.0410704660808,0.908789386401,0.908186341022,0.904568068747,10.310915276
1270,0.0398070696342,0.0403298202918,0.0405103555408,0.907884818333,0.909090909091,0.904115784713,10.395330537
1280,0.0395640627417,0.0401131519035,0.0401911042531,0.909241670436,0.909543193125,0.907734056988,10.4767552
1290,0.0394884329595,0.0400422493056,0.0400897530774,0.90999547716,0.909090909091,0.909543193125,10.557139496
1300,0.0394274661902,0.039997507575,0.0399144536649,0.911503090608,0.90999547716,0.910900045228,10.637904467
1310,0.0393457875618,0.0399620611327,0.0397308060274,0.911050806573,0.910447761194,0.910900045228,10.719179869
1320,0.0391634287113,0.0399094899063,0.0395919295302,0.910146238504,0.909543193125,0.907734056988,10.800372612
1330,0.0390180739186,0.0397879126778,0.0394252265343,0.909241670436,0.907734056988,0.906829488919,10.880617647
1340,0.0394354471321,0.0401319242664,0.0394764513594,0.911201567918,0.906377204885,0.908638625057,10.962014417
1350,0.0386061955071,0.0392570541317,0.0389572872538,0.911804613297,0.908638625057,0.910447761194,11.042604077
1360,0.0385872431286,0.039293887284,0.0389388835794,0.911352329263,0.909090909091,0.910900045228,11.122559275
1370,0.0384319486855,0.0391736103432,0.0387366349592,0.910900045228,0.909090909091,0.90999547716,11.202338475
1380,0.0383658995656,0.0390852866523,0.0386668126418,0.910749283884,0.90999547716,0.910447761194,11.282441039
1390,0.0383503308961,0.0390525907298,0.0386088268738,0.910749283884,0.910900045228,0.909090909091,11.363025401
1400,0.0381568862235,0.0389070953599,0.0384298988099,0.90999547716,0.911352329263,0.910447761194,11.444580374
1410,0.0378893508875,0.038665214583,0.0380801269871,0.911352329263,0.909090909091,0.911804613297,11.52478593
1420,0.0376442487407,0.0384452788967,0.0377875148426,0.911955374642,0.909543193125,0.911804613297,11.60454258
1430,0.0376060589512,0.0384057848991,0.0377128174321,0.911955374642,0.911804613297,0.911804613297,11.684221017
1440,0.0376083857084,0.0382597215095,0.0376760587077,0.912106135987,0.9131614654,0.911352329263,11.766818992
1450,0.0368715434622,0.0377882994417,0.0368966185966,0.913312226745,0.9131614654,0.915422885572,11.84762041
1460,0.0366812808783,0.0374065575147,0.0367356730708,0.912709181366,0.914970601538,0.913613749435,11.927764703
1470,0.0367943321507,0.037504566854,0.0368094142252,0.914066033469,0.914970601538,0.915422885572,12.008017593
1480,0.0365719039917,0.0373159904776,0.0366234202517,0.912407658676,0.911804613297,0.912256897332,12.088030413
1490,0.0364921123861,0.0371635954798,0.0365081165932,0.912256897332,0.914518317503,0.9131614654,12.168306247
1500,0.0363073193561,0.0373217272636,0.0363826862498,0.914216794814,0.914518317503,0.914518317503,12.248866387
1510,0.0362666323635,0.037301466473,0.0363542952966,0.914669078848,0.915875169607,0.915422885572,12.328785193
1520,0.0362342556439,0.0371859073322,0.0362896886915,0.913613749435,0.914518317503,0.914066033469,12.41022246
1530,0.0358826161732,0.0364350932361,0.0359350629236,0.916025930951,0.91723202171,0.918136589778,12.49040173
1540,0.0363072552727,0.0375356869136,0.0366492864524,0.914669078848,0.916327453641,0.914066033469,12.570559779
1550,0.0355536842882,0.0363008739964,0.0356957633898,0.915272124227,0.916779737675,0.915422885572,12.650702415
1560,0.0354671116934,0.0363572805462,0.035622114298,0.915573646917,0.91723202171,0.912709181366,12.730401214
1570,0.0351099283944,0.0359183601414,0.0352795874237,0.916025930951,0.919493441882,0.9131614654,12.811374734
1580,0.0350115454829,0.0356550945171,0.0350886852941,0.914669078848,0.918588873813,0.913613749435,12.891869835
1590,0.0349361172524,0.0357073825708,0.0350627223264,0.916779737675,0.918136589778,0.915875169607,12.972049285
1600,0.0347655204935,0.035182854611,0.0347421544108,0.918287351123,0.918588873813,0.919493441882,13.051824871
1610,0.0345066857422,0.0349574439605,0.0345068380939,0.917835067089,0.919493441882,0.919493441882,13.131565833
1620,0.0343550251433,0.034926188461,0.0343849614506,0.917533544399,0.92039800995,0.918136589778,13.211660546
1630,0.0338257008682,0.0342338386197,0.0338288284832,0.918890396502,0.921754862053,0.919945725916,13.291629269
1640,0.0335606357966,0.0340067452568,0.0335396772328,0.92039800995,0.922207146088,0.921754862053,13.374044984
1650,0.0335276261371,0.0339459099197,0.033478757711,0.919493441882,0.921302578019,0.920850293985,13.455236093
1660,0.0334176246738,0.0338578007384,0.0334135564562,0.92069953264,0.922659430122,0.919945725916,13.535324797
1670,0.0331296221956,0.033416069321,0.0331507044114,0.919493441882,0.921754862053,0.921302578019,13.616088135
1680,0.0331015480159,0.0333758088382,0.0331309719312,0.919493441882,0.921754862053,0.921302578019,13.69731112
1690,0.0330739025795,0.0333467341821,0.0330899317493,0.920247248605,0.922207146088,0.920850293985,13.778078196
1700,0.0331096638605,0.0332543037744,0.0330955724861,0.919644203226,0.920850293985,0.920850293985,13.858413284
1710,0.0330297774283,0.0333070817517,0.0330847603621,0.920096487261,0.921302578019,0.921302578019,13.938530726
1720,0.0329943141122,0.0331536150012,0.0330198234529,0.919794964571,0.921302578019,0.919493441882,14.017931522
1730,0.0329497505082,0.0331337775703,0.033016103012,0.920096487261,0.921302578019,0.922207146088,14.100764417
1740,0.0329309198226,0.0331250684098,0.032966388567,0.920548771295,0.922207146088,0.921302578019,14.180644801
1750,0.0329949776655,0.0331966412314,0.033082898942,0.920096487261,0.921754862053,0.921302578019,14.260632256
1760,0.0328119867773,0.0329722249751,0.0328959868934,0.920247248605,0.921302578019,0.921302578019,14.341039337
1770,0.0326100244686,0.0328021385873,0.0326931205763,0.918890396502,0.92039800995,0.919493441882,14.42128026
1780,0.0326790809674,0.0325408622885,0.0325975491035,0.921001055329,0.92446856626,0.923111714156,14.504983024
1790,0.0324780617969,0.0326461424638,0.0323486663396,0.920247248605,0.921302578019,0.919493441882,14.585281692
1800,0.0324443430626,0.0324227367068,0.0322644077721,0.921754862053,0.924016282225,0.922207146088,14.665121531
1810,0.0322605266639,0.032307020869,0.0319910619703,0.919644203226,0.922659430122,0.918588873813,14.746580925
1820,0.0321147248284,0.0322062923522,0.0318030270907,0.920247248605,0.924016282225,0.924920850294,14.827155833
1830,0.0320417121229,0.0321402308663,0.0318734381616,0.920247248605,0.923111714156,0.922659430122,14.907520322
1840,0.0319849942959,0.0320613539268,0.0318112091763,0.920850293985,0.922659430122,0.923111714156,14.987932106
1850,0.0319454096609,0.0319381163408,0.0317575681232,0.920096487261,0.925825418363,0.922207146088,15.067519167
1860,0.0318848577048,0.0318310863252,0.0316925797841,0.92039800995,0.924920850294,0.923111714156,15.147736207
1870,0.0318643343816,0.0316579983168,0.0316552387084,0.921302578019,0.925825418363,0.92446856626,15.228179666
1880,0.031816549976,0.0316117398627,0.0316257246815,0.921001055329,0.92446856626,0.922659430122,15.31379967
1890,0.0316424163704,0.0313563536997,0.0315718879086,0.92069953264,0.923563998191,0.921754862053,15.395729732
1900,0.0315734931334,0.0313852871384,0.0315033904844,0.92069953264,0.922659430122,0.92039800995,15.475600676
1910,0.0309221911582,0.0306562581196,0.0307454115005,0.922357907433,0.924920850294,0.92446856626,15.556380168
1920,0.0307988754409,0.0306049426682,0.030565736464,0.922659430122,0.928086838535,0.924920850294,15.637083795
1930,0.0306653997129,0.0303615560853,0.0305452058938,0.923111714156,0.926277702397,0.92446856626,15.717669398
1940,0.0305298610499,0.0302377176739,0.0302325258041,0.924770088949,0.925825418363,0.923563998191,15.797791618
1950,0.0304750936039,0.0301337355924,0.0301403867491,0.925373134328,0.926277702397,0.924920850294,15.87857464
1960,0.0347021470427,0.0356011175634,0.0349886013161,0.914970601538,0.913613749435,0.909090909091,15.97304529
1970,0.0303258914386,0.0300926835544,0.0298306558843,0.92416704357,0.928086838535,0.926729986431,16.053383233
1980,0.0303602146363,0.0301861388639,0.0299413399596,0.923413236846,0.928539122569,0.926729986431,16.132624755
1990,0.0303202909543,0.0300959714453,0.0297026232767,0.922508668777,0.926277702397,0.924920850294,16.213075062
2000,0.0301069522115,0.0297347379414,0.029855580269,0.92416704357,0.928539122569,0.924920850294,16.293561789
2010,0.0300834307654,0.0297338099451,0.0298591314128,0.924016282225,0.928539122569,0.925373134328,16.374309962
2020,0.0297355502659,0.0295420530577,0.0292609471762,0.925373134328,0.928539122569,0.928086838535,16.453887179
2030,0.0296900168938,0.0292562895701,0.029292425468,0.924920850294,0.929895974672,0.927182270466,16.533541515
2040,0.0295858604799,0.0291052741633,0.0291486891531,0.925523895673,0.930800542741,0.925825418363,16.613610923
2050,0.0295640634923,0.0291375672074,0.0291235987705,0.927333031811,0.931252826775,0.927182270466,16.694218453
2060,0.0294624788706,0.0289811079982,0.0291094626801,0.926729986431,0.932609678878,0.928539122569,16.774261737
2070,0.0293884779054,0.0288256787793,0.029068711664,0.926880747776,0.93170511081,0.928539122569,16.853809882
2080,0.02936501632,0.028817764798,0.0290098199478,0.9276345545,0.932157394844,0.929443690638,16.934285214
2090,0.0293403399663,0.0288175765606,0.0290346053069,0.9276345545,0.932609678878,0.929443690638,17.014214382
2100,0.0293471528617,0.0287733801805,0.0290563208349,0.927182270466,0.93170511081,0.929443690638,17.094259562
2110,0.0292952673249,0.0288793515537,0.0290900977017,0.927182270466,0.932157394844,0.929895974672,17.173553396
2120,0.029267031881,0.0287992969303,0.0290078585725,0.928237599879,0.93170511081,0.930348258706,17.258843255
2130,0.0292339659484,0.0287257869383,0.0290053739048,0.92793607719,0.932609678878,0.93170511081,17.338336067
2140,0.0290955541167,0.0284891125531,0.0287405336868,0.927031509121,0.933966530981,0.930800542741,17.418083084
2150,0.0290451693432,0.0284591298171,0.0286912838056,0.927785315845,0.933514246947,0.930800542741,17.497547788
2160,0.0286931171224,0.0281678845854,0.0282480600706,0.929142167948,0.934418815016,0.932609678878,17.576930574
2170,0.0286901166845,0.0281848383075,0.0282226713709,0.929142167948,0.933966530981,0.932609678878,17.657303676
2180,0.0346026342153,0.0363440044368,0.0354623247567,0.90939243178,0.905020352782,0.907281772953,17.736967656
2190,0.0286482449872,0.0280605151533,0.0280866568314,0.929594451983,0.935323383085,0.93170511081,17.816884845
2200,0.0285701322075,0.0280989905182,0.0279694460744,0.929443690638,0.934418815016,0.933514246947,17.896845194
2210,0.0285712275433,0.0281176609589,0.0279525110981,0.928840645259,0.93487109905,0.933061962913,17.976507992
2220,0.0284313583351,0.0282221693695,0.027894933202,0.927483793155,0.930348258706,0.930800542741,18.056309099
2230,0.028416773863,0.0281738068306,0.0279230711948,0.926428463742,0.929443690638,0.928991406603,18.136126194
2240,0.0282869768861,0.0278312100547,0.0277628012482,0.929745213327,0.933061962913,0.930800542741,18.215596737
2250,0.0282507457265,0.0278123815647,0.0276528905495,0.928086838535,0.93170511081,0.931252826775,18.295424982
2260,0.0282485470208,0.0277573570904,0.0276195338344,0.928086838535,0.930348258706,0.931252826775,18.375327737
2270,0.0281164372087,0.0276138125591,0.0274196676339,0.928086838535,0.929443690638,0.930348258706,18.455181976
2280,0.0281011893287,0.0276174970294,0.0274296380007,0.928539122569,0.932157394844,0.93170511081,18.534606365
2290,0.0281692666335,0.0277764700972,0.0275658193526,0.929292929293,0.930800542741,0.930348258706,18.614474866
2300,0.0280584223051,0.0275644027549,0.0273245894,0.928237599879,0.932157394844,0.93170511081,18.693871101
2310,0.028034229652,0.0275248957645,0.027281778997,0.929292929293,0.932157394844,0.93170511081,18.775755396
2320,0.0279823068078,0.0275404105846,0.0272496378698,0.929594451983,0.930800542741,0.930348258706,18.855386491
2330,0.0278715930527,0.0272663481326,0.0270971361202,0.928840645259,0.932157394844,0.932609678878,18.934997379
2340,0.0279949576992,0.0273070412646,0.0271143365076,0.927785315845,0.93170511081,0.93170511081,19.014211434
2350,0.027789778352,0.0268319957534,0.0266887470925,0.928991406603,0.928086838535,0.934418815016,19.093715056
2360,0.0277211184411,0.0269602823268,0.0266116316709,0.929443690638,0.930800542741,0.933061962913,19.177837647
2370,0.0275097103709,0.0266944440857,0.0264371141201,0.928539122569,0.93170511081,0.933514246947,19.260017325
2380,0.027498045056,0.026724357291,0.0263927749623,0.928237599879,0.93170511081,0.933514246947,19.341186912
2390,0.0325980137141,0.0328956600463,0.0331664502075,0.915724408262,0.916327453641,0.914066033469,19.420638206
2400,0.0275405494107,0.0269038366976,0.0265018988379,0.928840645259,0.932609678878,0.933061962913,19.500466282
2410,0.0274156986178,0.0267158612303,0.0264028833262,0.928237599879,0.931252826775,0.933966530981,19.579859936
2420,0.0273869328361,0.0266040718383,0.0263522244413,0.929292929293,0.930800542741,0.933514246947,19.659998811
2430,0.0273859306024,0.0265702461539,0.0263550757396,0.929292929293,0.93170511081,0.934418815016,19.740851784
2440,0.0273714797447,0.0265910739137,0.0263843226344,0.928388361224,0.931252826775,0.933514246947,19.821276883
2450,0.0273817496621,0.0266005680436,0.0264482697765,0.928991406603,0.933061962913,0.933061962913,19.900933151
2460,0.027352932856,0.0264401814659,0.0264269223938,0.929142167948,0.930348258706,0.933061962913,19.98022429
2470,0.0273182411853,0.0264763099187,0.0264175901324,0.929443690638,0.930348258706,0.933061962913,20.060524715
2480,0.0273269510628,0.0265659434238,0.0264192431489,0.928539122569,0.928991406603,0.931252826775,20.140478837
2490,0.0272624231585,0.0263805469512,0.0263648535211,0.930046736017,0.932157394844,0.933966530981,20.221613909
2500,0.0272161910823,0.0263220661358,0.0262979808837,0.930499020051,0.932609678878,0.933514246947,20.301541786
2510,0.0272142590249,0.0262188184991,0.0262584204045,0.929745213327,0.93170511081,0.93487109905,20.382248641
2520,0.0271793709092,0.0263183483665,0.026233333934,0.929142167948,0.932157394844,0.933514246947,20.462090848
2530,0.0271631654717,0.0263186099826,0.0262006528682,0.930197497362,0.933514246947,0.934418815016,20.541862823
2540,0.0271439985932,0.02618555599,0.0261457121999,0.930348258706,0.931252826775,0.936227951153,20.622960743
2550,0.0270265225264,0.0260892799573,0.0259798591056,0.928991406603,0.933061962913,0.934418815016,20.703543684
2560,0.0270543065195,0.0261236959276,0.0260346303251,0.930046736017,0.934418815016,0.933514246947,20.78350456
2570,0.027125376176,0.0263774964879,0.0260595904898,0.928840645259,0.933061962913,0.93170511081,20.865269446
2580,0.0269417204511,0.0259762090488,0.0258880629507,0.930197497362,0.93170511081,0.937584803256,20.945020489
2590,0.0269591802992,0.0260190682209,0.0260718972724,0.93110206543,0.931252826775,0.936227951153,21.02478923
2600,0.0269391253057,0.0261284468246,0.0260086867505,0.930499020051,0.933514246947,0.934418815016,21.105664641
2610,0.0268852879,0.0260556507624,0.0260588491339,0.930499020051,0.933966530981,0.933966530981,21.19089123
2620,0.0268893333966,0.026076485861,0.0260899733773,0.930499020051,0.933966530981,0.933966530981,21.270603547
2630,0.0268706555483,0.0261026334637,0.0260357666913,0.930499020051,0.933966530981,0.933966530981,21.350583374
2640,0.026828661061,0.0259371402072,0.0258314911392,0.932308156189,0.93487109905,0.937132519222,21.431601711
2650,0.026795690486,0.0258800110458,0.0257764344661,0.932157394844,0.933966530981,0.937132519222,21.512237304
2660,0.0268624511888,0.0260704856656,0.0258754074973,0.930046736017,0.932609678878,0.933514246947,21.592509618
2670,0.0267837099989,0.0259685780568,0.0258593660836,0.930348258706,0.934418815016,0.933061962913,21.672980451
2680,0.0271316862979,0.0262719760062,0.026140458664,0.929443690638,0.930800542741,0.93170511081,21.758521776
2690,0.0267533382857,0.0258824939942,0.0258137987499,0.930649781396,0.935323383085,0.933514246947,21.856960814
2700,0.0270417059944,0.026121655996,0.0259967183771,0.929142167948,0.934418815016,0.93170511081,21.94111846
2710,0.0267431199299,0.0259007204045,0.0257509303143,0.930046736017,0.934418815016,0.932609678878,22.020547113
2720,0.0267341925134,0.0258628022891,0.0257292992746,0.930348258706,0.934418815016,0.933061962913,22.101770587
2730,0.0267443451659,0.0259096285365,0.0257674315948,0.930046736017,0.935323383085,0.932157394844,22.18367818
2740,0.0269557836788,0.0264234350432,0.0259602650245,0.931252826775,0.929443690638,0.932609678878,22.264003305
2750,0.0267246049882,0.0258868020697,0.0257209698363,0.93110206543,0.934418815016,0.933514246947,22.344241687
2760,0.0279792556713,0.0271429658592,0.0283383256277,0.928689883914,0.930348258706,0.926729986431,22.424511366
2770,0.0267754600178,0.025818669341,0.0258409934196,0.93110206543,0.933061962913,0.935323383085,22.503502467
2780,0.026727074701,0.0259680370859,0.025744490587,0.930951304086,0.935323383085,0.93487109905,22.583993272
2790,0.0266171377976,0.02568485949,0.0255519524385,0.93170511081,0.933514246947,0.937132519222,22.664259092
2800,0.0266435565351,0.0257803014537,0.0256138130483,0.930649781396,0.933061962913,0.93487109905,22.744473726
2810,0.0265668366821,0.0257258995301,0.0255463968715,0.931855872154,0.933514246947,0.938037087291,22.825269848
2820,0.0265658849109,0.0257202600842,0.0255464995212,0.931855872154,0.933514246947,0.938037087291,22.906880126
2830,0.0265581588097,0.0257463834231,0.025547023699,0.931252826775,0.933514246947,0.936227951153,22.987311318
2840,0.0266991902731,0.0259352700059,0.0258212498351,0.932157394844,0.934418815016,0.934418815016,23.068517914
2850,0.0264296845218,0.0256495050417,0.0252641909285,0.93170511081,0.933966530981,0.936227951153,23.15414349
2860,0.0264237616802,0.025619446608,0.0252520303107,0.932157394844,0.93487109905,0.938037087291,23.234676249
2870,0.0264172290769,0.025642315642,0.0252193810826,0.93170511081,0.932609678878,0.938037087291,23.31482927
2880,0.026417143406,0.0256312978398,0.0252143329685,0.931855872154,0.933514246947,0.938037087291,23.39795056
2890,0.0266796361919,0.0258424255778,0.0252946929963,0.93110206543,0.928991406603,0.935323383085,23.477966552
2900,0.0263971169823,0.0256414462332,0.0251843484822,0.932157394844,0.933966530981,0.937584803256,23.560034994
2910,0.0263834315796,0.0256799633419,0.0251775293926,0.932157394844,0.93487109905,0.937132519222,23.639981315
2920,0.0264093540949,0.0257333810731,0.02521202696,0.93110206543,0.93170511081,0.937584803256,23.722710149
2930,0.0263729929481,0.0257469442498,0.0250878311529,0.932157394844,0.932157394844,0.936680235188,23.80252874
2940,0.0263714690959,0.025760750705,0.0251443604099,0.93110206543,0.932609678878,0.935323383085,23.881867913
2950,0.0263152802629,0.0256446387714,0.0250507530985,0.932157394844,0.933966530981,0.937132519222,23.962233891
2960,0.026311681353,0.0256607818887,0.0250508759909,0.932157394844,0.933514246947,0.936680235188,24.042305191
2970,0.0262997297727,0.0256315875954,0.0250791457456,0.932458917534,0.933514246947,0.937132519222,24.122064472
2980,0.0263227401892,0.0257895729674,0.0251126540872,0.931855872154,0.932609678878,0.936227951153,24.204018221
2990,0.0262959768081,0.0256467840041,0.0250327849505,0.932609678878,0.933514246947,0.937132519222,24.28397
3000,0.0262542718965,0.0257417142579,0.025114950347,0.932308156189,0.929895974672,0.939846223428,24.363812117
3010,0.0262420972231,0.0257061256747,0.0250710016884,0.932308156189,0.929443690638,0.939846223428,24.443657764
3020,0.0261923011531,0.0258198713446,0.0250611777215,0.932157394844,0.931252826775,0.938489371325,24.524764904
3030,0.026151385104,0.0256901784575,0.025113943616,0.933363485602,0.935323383085,0.936227951153,24.606434545
3040,0.0262893794613,0.0260664376176,0.0253071876224,0.932458917534,0.932609678878,0.934418815016,24.686590639
3050,0.0261119032947,0.0256945622774,0.0250333610517,0.933665008292,0.93487109905,0.935323383085,24.765996754
3060,0.0261078595534,0.0256056529985,0.0249861667117,0.933665008292,0.935323383085,0.936680235188,24.846765027
3070,0.026060027123,0.0257482937062,0.0249720931716,0.934418815016,0.933966530981,0.935323383085,24.926299591
3080,0.026046538698,0.0256661360644,0.0248942476296,0.934418815016,0.933966530981,0.935775667119,25.006006705
3090,0.0260508984864,0.0257145228573,0.0249002709309,0.933514246947,0.934418815016,0.935775667119,25.085273619
3100,0.0260264840096,0.0256924923391,0.0248937322574,0.934268053671,0.93487109905,0.937584803256,25.165478829
3110,0.0260198268916,0.0257061519653,0.0248203113322,0.933966530981,0.934418815016,0.939393939394,25.244524102
3120,0.0261808846579,0.0258529222075,0.025031742806,0.933514246947,0.933514246947,0.935775667119,25.32466567
3130,0.0262264020267,0.0257603205866,0.0251776354059,0.934117292326,0.935323383085,0.936680235188,25.404500386
3140,0.0261056875974,0.0258860567038,0.0249401289266,0.934569576361,0.93170511081,0.937584803256,25.484776185
3150,0.0259947520303,0.0256212337177,0.0248463004962,0.934418815016,0.933061962913,0.938037087291,25.565460916
3160,0.0260242143055,0.0256315805473,0.0247707408509,0.93517262174,0.933514246947,0.938489371325,25.645668827
3170,0.0259659009779,0.0256311096072,0.0247836719765,0.934569576361,0.933061962913,0.93894165536,25.725343776
3180,0.0261160324924,0.0255548765273,0.0248238208151,0.935021860395,0.934418815016,0.943012211669,25.804685521
3190,0.0259393413412,0.0255120770511,0.0247786588149,0.935021860395,0.933061962913,0.939846223428,25.883918477
3200,0.0260592938273,0.0255277124045,0.0248941076356,0.934418815016,0.93487109905,0.943012211669,25.965494885
3210,0.0259168616747,0.0254846310234,0.024728506922,0.93487109905,0.934418815016,0.939846223428,26.045334622
3220,0.026133851234,0.0257087798611,0.0250016835912,0.932308156189,0.933966530981,0.937132519222,26.125890997
3230,0.0259854009826,0.0254997936907,0.0247299917664,0.933815769637,0.932609678878,0.940298507463,26.20562554
3240,0.0259127162801,0.0254703355869,0.024733537834,0.934569576361,0.934418815016,0.939846223428,26.28551771
3250,0.0259068962487,0.0257318215936,0.0248214235787,0.934117292326,0.933061962913,0.937132519222,26.364862076
3260,0.0258396269855,0.0255661342739,0.0246948536844,0.934569576361,0.934418815016,0.939393939394,26.448338681
3270,0.0260143634118,0.0253335925493,0.024776687616,0.93517262174,0.932609678878,0.93894165536,26.528638797
3280,0.0258685274222,0.0253615880459,0.0247219005942,0.936378712498,0.93487109905,0.943012211669,26.609643113
3290,0.0257681685799,0.0253963183374,0.0246654939801,0.934418815016,0.932609678878,0.940298507463,26.691521712
3300,0.0257474736086,0.0255450662938,0.0246992024431,0.934268053671,0.932609678878,0.938489371325,26.771634334
3310,0.0257497682634,0.0255520117503,0.0246927878908,0.934268053671,0.933061962913,0.938489371325,26.851377857
3320,0.0257205586874,0.0256247268827,0.0247540761168,0.934569576361,0.932609678878,0.938489371325,26.931101761
3330,0.0257312749108,0.0256176462276,0.0247988284068,0.934569576361,0.930348258706,0.939393939394,27.011259844
3340,0.0256988073973,0.0255566147002,0.0247613277463,0.934117292326,0.930348258706,0.938037087291,27.091831078
3350,0.025689192973,0.0255452586118,0.0247699135936,0.934418815016,0.931252826775,0.939393939394,27.171779389
3360,0.0256872400838,0.0255195506212,0.0247209319743,0.934418815016,0.93170511081,0.939393939394,27.251793245
3370,0.0256839325777,0.0255036561756,0.0247333653461,0.934418815016,0.932609678878,0.93894165536,27.331712115
3380,0.0256710120992,0.0255420383241,0.0247465977227,0.934569576361,0.932609678878,0.937584803256,27.412127357
3390,0.0256557649831,0.025468624604,0.0247238665485,0.93487109905,0.932609678878,0.93894165536,27.49420249
3400,0.0256325676775,0.0254749817685,0.0247114817735,0.934418815016,0.931252826775,0.937132519222,27.576815417
3410,0.025707853248,0.025580282069,0.0248388646967,0.935775667119,0.932157394844,0.941203075531,27.657169907
3420,0.0256438159312,0.0255094223559,0.0247413544682,0.934720337705,0.932157394844,0.936680235188,27.737172269
3430,0.0255808825024,0.0254310811745,0.0245400503872,0.934720337705,0.931252826775,0.937584803256,27.816798213
3440,0.0255652863002,0.0253699575547,0.0245067674699,0.935624905774,0.932609678878,0.93894165536,27.897095421
3450,0.0255684158923,0.0253575024105,0.0246396638907,0.935021860395,0.933514246947,0.938037087291,27.977374047
3460,0.0256474982182,0.025494243806,0.0244730127168,0.935323383085,0.932157394844,0.939846223428,28.058026266
3470,0.0255757003654,0.0252543574479,0.0244379323777,0.936227951153,0.932609678878,0.93894165536,28.137793208
3480,0.025517517085,0.0253830128439,0.0244750649578,0.935775667119,0.93170511081,0.937584803256,28.217806974
3490,0.0255226054931,0.0253740200351,0.0244941183087,0.935021860395,0.930348258706,0.937584803256,28.297674871
3500,0.0255237692779,0.0254431340239,0.0244633622163,0.935624905774,0.93170511081,0.937584803256,28.377665219
3510,0.0255071391368,0.0253628624717,0.0244653145344,0.935926428464,0.932609678878,0.937132519222,28.457644458
3520,0.0255041450762,0.0254100971457,0.0244421483343,0.935775667119,0.932609678878,0.93894165536,28.538880787
3530,0.0255023030225,0.0253564663973,0.0244351596669,0.935323383085,0.93170511081,0.939846223428,28.619196903
3540,0.0254597630177,0.0252099248666,0.0243945969927,0.935775667119,0.93170511081,0.939393939394,28.699021767
3550,0.025435984385,0.0256072699358,0.0244524621417,0.935323383085,0.930800542741,0.938037087291,28.778623235
3560,0.0253507186953,0.0252995307882,0.0243513784139,0.935624905774,0.932609678878,0.939846223428,28.858379577
3570,0.0253657326926,0.0254077448759,0.0244235547913,0.935926428464,0.932609678878,0.937132519222,28.938601604
3580,0.025306520496,0.025312417978,0.0243316656282,0.935474144429,0.933061962913,0.939846223428,29.023883744
3590,0.0252969944069,0.0253757017115,0.0243306045013,0.935021860395,0.933061962913,0.93894165536,29.103398968
3600,0.025286096792,0.025326772597,0.0243083144923,0.935624905774,0.933514246947,0.939846223428,29.186783644
3610,0.0252867048278,0.0253016818622,0.0243116416086,0.935474144429,0.933514246947,0.939846223428,29.266664913
3620,0.0252774360335,0.0252900850882,0.0242840596329,0.935474144429,0.933514246947,0.939393939394,29.346295165
3630,0.0252726320366,0.025254973154,0.0242750690932,0.935474144429,0.934418815016,0.939846223428,29.427696551
3640,0.0252554080271,0.0251869089407,0.0242813270149,0.936227951153,0.934418815016,0.939846223428,29.507847922
3650,0.0252522866441,0.0251527083684,0.0242798334741,0.935474144429,0.934418815016,0.939846223428,29.587954424
3660,0.0252310659045,0.0250974087789,0.0242964448146,0.936680235188,0.934418815016,0.941203075531,29.667549725
3670,0.0252156450492,0.0251326594695,0.0242556142701,0.935624905774,0.93487109905,0.939846223428,29.746822811
3680,0.0252357996626,0.0252264598827,0.0242196724017,0.936378712498,0.93487109905,0.941655359566,29.826814177
3690,0.0252045777613,0.0251759700168,0.0242333494969,0.936680235188,0.935323383085,0.939846223428,29.907246739
3700,0.0251981597159,0.025172943094,0.0242309031174,0.936227951153,0.935323383085,0.939846223428,29.987970566
3710,0.0251922742712,0.0251755317559,0.0242444937624,0.936077189809,0.935775667119,0.939846223428,30.068971768
3720,0.0251957332804,0.0251106778443,0.0242413645069,0.937132519222,0.935775667119,0.942559927635,30.149570558
3730,0.0251436242921,0.0251203397723,0.0241519088918,0.935624905774,0.934418815016,0.941203075531,30.230115214
3740,0.0251420188633,0.0250783186231,0.0240300308052,0.935926428464,0.933514246947,0.941655359566,30.310383472
3750,0.0251526820218,0.0250025040342,0.0240804583988,0.936378712498,0.934418815016,0.941203075531,30.391370443
3760,0.0250997167041,0.0251648454268,0.0240765413909,0.935775667119,0.934418815016,0.940750791497,30.471265358
3770,0.0251038346397,0.0253078735751,0.0241841002725,0.936830996532,0.934418815016,0.939846223428,30.55239242
3780,0.0251448579672,0.0249670574458,0.0242737174515,0.937132519222,0.934418815016,0.93894165536,30.642525366
3790,0.0250595924524,0.0251497743147,0.0241222541352,0.936529473843,0.934418815016,0.93894165536,30.722518908
3800,0.0250789915308,0.0250835497617,0.0241543580223,0.935775667119,0.93487109905,0.940298507463,30.802497461
3810,0.0250532840575,0.0251508559037,0.0241268065978,0.936680235188,0.93487109905,0.93894165536,30.883703878
3820,0.0250369111503,0.0251559467789,0.024148891993,0.936529473843,0.933966530981,0.938037087291,30.963495314
3830,0.0250241922488,0.0250393837976,0.0241464621958,0.936529473843,0.936227951153,0.939846223428,31.044061714
3840,0.0250114741518,0.0250976690424,0.0241326229715,0.936077189809,0.933966530981,0.938037087291,31.123454137
3850,0.0249973483257,0.0250208218853,0.0240871698975,0.937584803256,0.935323383085,0.943464495703,31.20338476
3860,0.0250711826489,0.0250771211643,0.0241382851076,0.937283280567,0.936227951153,0.944821347806,31.283751809
3870,0.0249880909674,0.0250924985995,0.0241273293691,0.936830996532,0.934418815016,0.941655359566,31.366853643
3880,0.024967873075,0.0250736631403,0.0241322443185,0.936680235188,0.933966530981,0.941203075531,31.448160267
3890,0.0249542910129,0.0252165406149,0.0241712971238,0.936077189809,0.93487109905,0.939846223428,31.528759846
3900,0.0249538815445,0.0252201929039,0.0241734667408,0.936077189809,0.93487109905,0.939846223428,31.608754482
3910,0.0249621370583,0.0251955398598,0.0241863177173,0.936378712498,0.934418815016,0.941203075531,31.689036716
3920,0.0249354145569,0.0252233375294,0.024212032732,0.936830996532,0.932609678878,0.93894165536,31.768773876
3930,0.0251042895866,0.0254594595637,0.0244985727712,0.935624905774,0.932609678878,0.935323383085,31.850648979
3940,0.0249102607618,0.0249611338827,0.0242197041934,0.937434041912,0.93487109905,0.939846223428,31.935046354
3950,0.0248875662657,0.0249752321266,0.0241769261409,0.937132519222,0.93487109905,0.939393939394,32.015504065
3960,0.0248789322807,0.0250393058215,0.0241639150196,0.937283280567,0.933514246947,0.938489371325,32.095082089
3970,0.0248688897573,0.0249402916652,0.0241066251763,0.937283280567,0.935323383085,0.939846223428,32.175183803
3980,0.024830588977,0.0249283497315,0.0240751132804,0.937434041912,0.934418815016,0.940750791497,32.255339611
3990,0.0248466232087,0.0250261961401,0.0240810127507,0.937584803256,0.933514246947,0.939393939394,32.33500765
4000,0.0248246229566,0.0249971387738,0.024059359784,0.937735564601,0.933966530981,0.940298507463,32.414599701
4010,0.0248248070979,0.0249979127903,0.0240596332345,0.937735564601,0.933966530981,0.940298507463,32.494481039
4020,0.0247980157056,0.0248692850063,0.0240118946764,0.937434041912,0.935775667119,0.939846223428,32.573610992
4030,0.0248807388506,0.0248022145869,0.0240897444714,0.937886325946,0.936227951153,0.943916779738,32.653696445
4040,0.0247780909182,0.024817897818,0.0239192942534,0.937283280567,0.934418815016,0.940298507463,32.734258256
4050,0.0247744589117,0.0248122416289,0.0239013024954,0.937283280567,0.933966530981,0.941203075531,32.814485781
4060,0.0247702603689,0.024829063865,0.0239163385257,0.937283280567,0.933514246947,0.939393939394,32.894797724
4070,0.0249597266714,0.0252860530436,0.0241328132086,0.935926428464,0.932609678878,0.935775667119,32.976050107
4080,0.0247579045545,0.0248062999459,0.023949184228,0.937434041912,0.933966530981,0.939393939394,33.056171497
4090,0.0248407702057,0.0250937766463,0.0242439418795,0.936227951153,0.933514246947,0.935775667119,33.136189819
4100,0.0248949011988,0.0248604643146,0.0241561689842,0.938187848636,0.936680235188,0.938037087291,33.21671428
4110,0.0247511721896,0.0246900533353,0.0240415519511,0.93833860998,0.936680235188,0.943012211669,33.296267734
4120,0.0248420687092,0.0246291769877,0.0240777076732,0.937584803256,0.936680235188,0.943012211669,33.378822398
4130,0.0247512774012,0.0247208197464,0.0240401447836,0.937886325946,0.936680235188,0.9421076436,33.458892402
4140,0.0247346870428,0.0247997269316,0.0240281121602,0.938187848636,0.935775667119,0.941655359566,33.539906148
4150,0.0247820014856,0.0248117946749,0.0241273336944,0.937283280567,0.933061962913,0.941203075531,33.619906171
4160,0.0247288855973,0.024749218677,0.0240844064749,0.938037087291,0.936227951153,0.939846223428,33.699879407
4170,0.0247346142654,0.0248240386433,0.024112563529,0.937735564601,0.93487109905,0.938489371325,33.77977928
4180,0.0246744829612,0.0247831217361,0.0240367434369,0.938037087291,0.936227951153,0.939846223428,33.861496761
4190,0.0248028299072,0.0249129121797,0.0244092999086,0.936680235188,0.937132519222,0.938489371325,33.941843233
4200,0.0247138450854,0.0247234345114,0.0240148721201,0.938489371325,0.937584803256,0.9421076436,34.022740395
4210,0.0245752090774,0.0247320660667,0.0240593995296,0.938489371325,0.93487109905,0.939846223428,34.102831785
4220,0.0245463646616,0.0246762869586,0.0239345670344,0.93864013267,0.93487109905,0.939846223428,34.183100361
4230,0.0245417798461,0.0246633646854,0.0239345847433,0.938790894015,0.93487109905,0.939846223428,34.263676196
4240,0.0245167327316,0.0247249761021,0.0239365873097,0.93864013267,0.935775667119,0.939393939394,34.344327489
4250,0.0244943770537,0.0246733332315,0.0239250083828,0.93894165536,0.935775667119,0.939393939394,34.427338702
4260,0.0244903882576,0.02465111606,0.0239186678977,0.939243178049,0.935775667119,0.939846223428,34.51049108
4270,0.0244811567534,0.0247315275376,0.0240891492193,0.938790894015,0.936680235188,0.939393939394,34.591141782
4280,0.0244803989009,0.024741371305,0.0240888995062,0.938790894015,0.936680235188,0.939393939394,34.671055925
4290,0.0244689739295,0.0247070025333,0.0240776566216,0.938790894015,0.935775667119,0.939846223428,34.751396452
4300,0.0244676755319,0.0247255302917,0.0240775037863,0.938790894015,0.936227951153,0.93894165536,34.83156674
4310,0.0244627674827,0.0247120336663,0.0240536429497,0.939092416704,0.935775667119,0.939846223428,34.916920624
4320,0.024457003213,0.0247018439701,0.0240391096247,0.938790894015,0.935775667119,0.939393939394,35.000248191
4330,0.0244555547602,0.0247677836019,0.0240607904535,0.938489371325,0.937132519222,0.940298507463,35.080194353
4340,0.0244265914412,0.0247129078592,0.0240051810237,0.93864013267,0.936680235188,0.940750791497,35.160308953
4350,0.0244039595545,0.0246931546113,0.0239057203052,0.938790894015,0.936227951153,0.941655359566,35.240097372
4360,0.0243958834399,0.0246407468179,0.0239038088491,0.938489371325,0.936227951153,0.940298507463,35.31998878
4370,0.0243956203413,0.0246704954085,0.0239179444558,0.93864013267,0.936227951153,0.941203075531,35.401501204
4380,0.0243989559934,0.0246028229016,0.023941498473,0.939092416704,0.936680235188,0.941203075531,35.482858928
4390,0.0243829659469,0.0246337675304,0.0238847405574,0.93864013267,0.936227951153,0.941203075531,35.563633679
4400,0.0244777664884,0.0248610833074,0.0239193788353,0.937886325946,0.938037087291,0.941655359566,35.643553999
4410,0.0243513739937,0.0246131232948,0.0238591552485,0.93894165536,0.935775667119,0.940298507463,35.724009813
4420,0.0243444632164,0.0246129750724,0.0238701519314,0.93864013267,0.936227951153,0.940750791497,35.804106287
4430,0.0243405215919,0.0246072311938,0.0238631387925,0.938489371325,0.936227951153,0.940750791497,35.886322691
4440,0.0243328066766,0.0246387259024,0.023864764972,0.93894165536,0.936680235188,0.940750791497,35.967169724
4450,0.0243562919516,0.0247179250191,0.0240177515877,0.93833860998,0.935775667119,0.938489371325,36.047817129
4460,0.0243151274617,0.0245607694457,0.0238099730699,0.937886325946,0.935775667119,0.939393939394,36.128509175
4470,0.0242916319969,0.0245801875875,0.0238985611296,0.938037087291,0.935775667119,0.940298507463,36.209450525
4480,0.0246854277223,0.0254215320077,0.024396330646,0.937886325946,0.933966530981,0.938037087291,36.289327899
4490,0.0242790541773,0.0245788409715,0.0238873166789,0.938790894015,0.935775667119,0.940298507463,36.371043696
4500,0.0242742437447,0.0245480557008,0.0238670947013,0.938790894015,0.93487109905,0.940750791497,36.45458992
4510,0.0242725305593,0.0245320512911,0.0238722326757,0.939243178049,0.935775667119,0.940750791497,36.534230871
4520,0.0242320229692,0.0246740473872,0.0238455526312,0.938790894015,0.932609678878,0.940298507463,36.614919296
4530,0.0242453832918,0.0247143722312,0.0238994503866,0.93894165536,0.93170511081,0.940750791497,36.695203783
4540,0.0242497983889,0.0246726701799,0.0238504365547,0.939243178049,0.93170511081,0.940750791497,36.775865952
4550,0.0242227782757,0.0247610109975,0.0238044391313,0.939846223428,0.932157394844,0.940298507463,36.861658068
4560,0.0241841588549,0.0247085597557,0.0237931793877,0.938489371325,0.930800542741,0.940298507463,36.942398992
4570,0.0241414974391,0.0247163191491,0.023818203871,0.938790894015,0.932157394844,0.940298507463,37.02226666
4580,0.0244145984298,0.0252815593333,0.0241875207325,0.937132519222,0.932157394844,0.936680235188,37.102318676
4590,0.0241188542526,0.0247027333174,0.0238677222242,0.93894165536,0.932609678878,0.940298507463,37.182268966
4600,0.0241167875517,0.024734318518,0.0238641260446,0.939393939394,0.933514246947,0.940298507463,37.263303792
4610,0.024099689059,0.0246603128611,0.0238104822736,0.939393939394,0.930800542741,0.940298507463,37.344646604
4620,0.0240886472435,0.0246961664996,0.0238090678978,0.93864013267,0.93170511081,0.940750791497,37.425468098
4630,0.0240871242006,0.0247219171193,0.0238185394362,0.93894165536,0.93170511081,0.940298507463,37.505338371
4640,0.0278240897134,0.027393411852,0.0271773430252,0.929745213327,0.929895974672,0.933514246947,37.585491454
4650,0.0242187102673,0.0247087913184,0.0239239743103,0.93894165536,0.935323383085,0.943464495703,37.665375572
4660,0.0240567038587,0.0246677855047,0.0238534057503,0.938790894015,0.93170511081,0.939846223428,37.746858345
4670,0.0289619546024,0.0317052689719,0.0294790984908,0.922659430122,0.906377204885,0.919041157847,37.827741669
4680,0.0240112662659,0.0245883900414,0.0236635293136,0.939243178049,0.933061962913,0.943012211669,37.908928522
4690,0.0243836587474,0.0247975923413,0.02409528867,0.940147746118,0.934418815016,0.944821347806,37.98955651
4700,0.0240169282925,0.0246549290837,0.0237031759153,0.939846223428,0.932609678878,0.940750791497,38.069333334
4710,0.0240704495068,0.0249728278234,0.023686094094,0.93833860998,0.931252826775,0.939846223428,38.150037678
4720,0.0239848327148,0.0245994852149,0.0236394006735,0.939092416704,0.933514246947,0.943012211669,38.231290474
4730,0.0239826239918,0.024596305424,0.0236617831744,0.939092416704,0.933514246947,0.941655359566,38.313523992
4740,0.0239712940867,0.024597974417,0.0236442951498,0.939243178049,0.933061962913,0.9421076436,38.394874478
4750,0.0241243580293,0.0246763578407,0.0241995808625,0.940901552842,0.936680235188,0.939846223428,38.475487286
4760,0.0239631427587,0.0246499554923,0.023771416277,0.939092416704,0.934418815016,0.940750791497,38.555730561
4770,0.0239245252884,0.0244956458951,0.0236751123055,0.938790894015,0.933966530981,0.941203075531,38.635817263
4780,0.0238955034731,0.0244168681889,0.0236175423626,0.939846223428,0.933966530981,0.940298507463,38.717345064
4790,0.0238352985883,0.0243820494526,0.023598421891,0.939695462084,0.932609678878,0.940298507463,38.798391957
4800,0.0237742902292,0.0244492132232,0.023515661999,0.939544700739,0.934418815016,0.941655359566,38.87897509
4810,0.0237757245645,0.0243835704685,0.023522033169,0.939695462084,0.936680235188,0.943464495703,38.958754289
4820,0.0237713862927,0.0244236473649,0.0235383543372,0.939695462084,0.935775667119,0.941655359566,39.039827972
4830,0.0237643390721,0.0244182555616,0.0235196854337,0.939695462084,0.935775667119,0.941655359566,39.122834463
4840,0.0239566414702,0.024430856844,0.0237357147948,0.939544700739,0.93487109905,0.941655359566,39.204442212
4850,0.0237656217598,0.024424158397,0.0235217380893,0.939846223428,0.935775667119,0.941655359566,39.285438566
4860,0.0237611689451,0.024366029617,0.0234590523129,0.93894165536,0.93487109905,0.943464495703,39.366536264
4870,0.0237467269066,0.0243667494668,0.0234239785855,0.939243178049,0.93487109905,0.943012211669,39.446612256
4880,0.0237366073644,0.0243289697612,0.0235723559815,0.939393939394,0.93487109905,0.9421076436,39.526628216
4890,0.0237975987915,0.0243505562863,0.0239833146607,0.939996984773,0.936227951153,0.940298507463,39.6067503
4900,0.023717608765,0.0243818307277,0.0235861029924,0.940147746118,0.933966530981,0.942559927635,39.687519088
4910,0.0237139689627,0.0243759552079,0.0235802835715,0.940147746118,0.935323383085,0.9421076436,39.769252078
4920,0.0238945173556,0.0246962390977,0.0236371818484,0.938187848636,0.933061962913,0.938489371325,39.850252605
4930,0.0240182986436,0.0244441054641,0.0241329437402,0.940147746118,0.934418815016,0.940298507463,39.93125356
4940,0.0237021011652,0.0244386166464,0.0235746428244,0.939846223428,0.933514246947,0.9421076436,40.011708936
4950,0.0236967514496,0.0244131121728,0.0235553232097,0.940600030152,0.934418815016,0.941203075531,40.09187657
4960,0.0236953279561,0.0243867121152,0.0235488133031,0.939996984773,0.933514246947,0.9421076436,40.172234111
4970,0.0238005241183,0.0243302077004,0.0235739632798,0.940298507463,0.935323383085,0.944369063772,40.25280774
4980,0.0236965054053,0.0243901663539,0.0235389449661,0.940449268807,0.934418815016,0.941203075531,40.33416393
4990,0.0236661227701,0.0243618548265,0.0234314619172,0.940147746118,0.933966530981,0.9421076436,40.414068518
5000,0.0237048248183,0.0242550904604,0.0235222615457,0.940901552842,0.93487109905,0.943916779738,40.493975544
