iteration,MSE_trg,MSE_val,MSE_tst,acc_trg,acc_val,acc_tst,elapsed
0,0.239931272,0.234269865,0.241311986,0.426202322,0.437358661,0.426503844,0.019036845
10,0.240535095,0.235117629,0.242338167,0.427709935,0.437810945,0.42605156,0.123565488
20,0.236555182,0.230910848,0.237827102,0.426805367,0.438715513,0.427408412,0.207618391
30,0.228326768,0.222380424,0.229091678,0.419870345,0.430122117,0.422433288,0.285586941
40,0.217267547,0.211273543,0.217580735,0.418061209,0.430122117,0.421981004,0.373842859
50,0.202135039,0.199751568,0.203045069,0.354741444,0.349163275,0.349163275,0.452669431
60,0.19513214,0.193249532,0.195118836,0.357153626,0.348710991,0.359565807,0.533442899
70,0.192456578,0.191063611,0.192369823,0.357002864,0.346901854,0.358661239,0.614817612
80,0.193373336,0.191896303,0.192823313,0.350520127,0.347806422,0.347354138,0.69757666
90,0.181634743,0.180530104,0.181153934,0.360621137,0.362279512,0.367254636,0.778433339
100,0.176744457,0.175705459,0.176510258,0.386401327,0.386702849,0.39122569,0.861600846
110,0.176757111,0.175755016,0.176536241,0.385195236,0.387155133,0.390321122,0.942107723
120,0.165467157,0.165867142,0.165037125,0.424996231,0.425599276,0.425146992,1.025014128
130,0.162742553,0.163580418,0.162424169,0.447459671,0.450927182,0.432835821,1.108397257
140,0.150118464,0.151913252,0.149771717,0.498718529,0.498417006,0.483943917,1.191622048
150,0.149798258,0.151782838,0.149455829,0.499623097,0.49886929,0.483943917,1.276811844
160,0.149338637,0.15114887,0.148830082,0.496457108,0.497512438,0.487109905,1.357717353
170,0.144170483,0.146054227,0.143423995,0.503995176,0.506558118,0.497512438,1.438482555
180,0.138887129,0.140209905,0.139280319,0.527966229,0.523292628,0.512890095,1.520818889
190,0.137407438,0.138903759,0.137543002,0.533996683,0.533242877,0.526006332,1.607242927
200,0.134222613,0.135760249,0.134632978,0.543343887,0.544549977,0.532790592,1.701740127
210,0.130800511,0.133992362,0.131518868,0.567465702,0.555857078,0.55042967,1.784900353
220,0.129832411,0.133055607,0.130532801,0.568068747,0.55721393,0.550881954,2.014022003
230,0.128862347,0.132302,0.129164685,0.571385497,0.562189055,0.563093623,2.106175848
240,0.127075932,0.13045764,0.127658901,0.583597166,0.570782451,0.575305292,2.219047334
250,0.127554156,0.131053997,0.128087906,0.583446404,0.572139303,0.57394844,2.301256396
260,0.10619531,0.109083357,0.107369158,0.646464646,0.638625057,0.640886477,2.395177367
270,0.103527217,0.106002882,0.104727516,0.664857531,0.657620986,0.66033469,2.544785079
280,0.103032313,0.105483316,0.104133111,0.666515905,0.660786974,0.663952962,2.632074525
290,0.102147923,0.104463594,0.103110544,0.668325041,0.66259611,0.665762099,2.724422849
300,0.099496124,0.100764433,0.100401941,0.681290517,0.673903211,0.673903211,2.830306976
310,0.097342501,0.097899375,0.098464287,0.69847731,0.694255993,0.680235188,2.921235074
320,0.095552895,0.096136531,0.096019378,0.703904719,0.705563094,0.696517413,3.007694996
330,0.093422476,0.094232055,0.093930562,0.712799638,0.713704206,0.709181366,3.192536183
340,0.092067914,0.093008772,0.092638548,0.719131615,0.711442786,0.715061058,3.275494434
350,0.092390637,0.091842923,0.092804161,0.727121966,0.730438716,0.722297603,3.427094505
360,0.088888727,0.089758876,0.08918767,0.733755465,0.726368159,0.732700136,3.506659265
370,0.088273288,0.088311546,0.088744012,0.74099201,0.73541384,0.736318408,3.588066403
380,0.085440281,0.0848303,0.085974388,0.752751395,0.750791497,0.749886929,3.739871709
390,0.083708053,0.084200407,0.083430444,0.754862053,0.745816373,0.752600633,3.826748771
400,0.083829576,0.08442643,0.083330772,0.754862053,0.744459521,0.752148349,3.908551174
410,0.079136329,0.079791231,0.079093933,0.771747324,0.768430574,0.768882858,3.998887769
420,0.078294057,0.07851032,0.079103512,0.779586914,0.773857983,0.782451379,4.089372159
430,0.075108186,0.07559683,0.075635021,0.789386401,0.783808232,0.791044776,4.174287909
440,0.074801666,0.076019423,0.075109072,0.78591889,0.781094527,0.787878788,4.254723637
450,0.07289272,0.073889954,0.073054228,0.79481381,0.79149706,0.795567616,4.339521297
460,0.07160191,0.071896891,0.071438592,0.804311774,0.801899593,0.809588422,4.447270105
470,0.068177632,0.068694132,0.068110943,0.814262023,0.811849842,0.82180009,4.539538027
480,0.068645224,0.069065433,0.068474561,0.812452887,0.81275441,0.818181818,4.631686384
490,0.067500049,0.067750724,0.067229845,0.820141716,0.814563546,0.824966079,4.712102467
500,0.066601294,0.067026359,0.065697318,0.818181818,0.818181818,0.828584351,4.79230001
510,0.065882061,0.06637249,0.065267169,0.823156943,0.823609227,0.830393487,4.876988557
520,0.067258749,0.067311586,0.066979493,0.815920398,0.82180009,0.822252374,4.976626744
530,0.065398981,0.065756131,0.064908065,0.825569124,0.824061511,0.830393487,5.069456895
540,0.064666954,0.065186465,0.064157185,0.826925976,0.827679783,0.829941203,5.150094732
550,0.064162577,0.064786105,0.063648037,0.831448817,0.829941203,0.833559475,5.237306275
560,0.063828364,0.064494061,0.063390583,0.832202623,0.830393487,0.834464043,5.338844241
570,0.063635342,0.063720654,0.063735591,0.836122418,0.825870647,0.835820896,5.418845649
580,0.064150241,0.064056219,0.063923829,0.834313282,0.822704659,0.838082316,5.50197873
590,0.06283526,0.06352765,0.062547081,0.835971657,0.836725464,0.841700588,5.5837104
600,0.063263754,0.064104217,0.062936709,0.832353385,0.831298055,0.84305744,5.666014298
610,0.06178234,0.062549168,0.061509645,0.839439168,0.841248304,0.841700588,5.762801933
620,0.061799533,0.062556299,0.061587591,0.839137645,0.840343736,0.841700588,5.846314199
630,0.06017822,0.06105026,0.060379918,0.846524951,0.842152872,0.846223428,5.928293246
640,0.060829899,0.061702448,0.061001446,0.842303633,0.834464043,0.843509724,6.02855252
650,0.058924726,0.059684618,0.058986776,0.850444746,0.843962008,0.848484848,6.109873703
660,0.059287751,0.059973444,0.059467948,0.848484848,0.842152872,0.846675712,6.190218894
670,0.058352638,0.059059018,0.058454339,0.853007689,0.844414292,0.853459973,6.286630633
680,0.058988832,0.060181775,0.059269134,0.848183326,0.842152872,0.849389417,6.375405302
690,0.058370044,0.059488208,0.05848275,0.852404643,0.848032564,0.851650837,6.457590369
700,0.057803233,0.058778187,0.057889464,0.854063018,0.84758028,0.852103121,6.540500785
710,0.057608833,0.058495558,0.057702275,0.853761496,0.84758028,0.853912257,6.619678252
720,0.054215732,0.055140949,0.054096101,0.868536107,0.857982813,0.86657621,6.700295142
730,0.053297724,0.05411487,0.052931738,0.870194482,0.861601085,0.86883763,6.796647524
740,0.053294658,0.054115868,0.052934623,0.870194482,0.861148801,0.86883763,6.879902164
750,0.053180231,0.053912603,0.052777028,0.867631539,0.86205337,0.86883763,6.968403976
760,0.052878776,0.054064751,0.0522605,0.859641188,0.853007689,0.857078245,7.051961373
770,0.052474516,0.053522809,0.052095118,0.862957938,0.859339665,0.863862506,7.13379445
780,0.052035312,0.052818498,0.051663029,0.86883763,0.861148801,0.86883763,7.216452297
790,0.048334063,0.049037458,0.047616901,0.876526459,0.872455902,0.875621891,7.29690936
800,0.047551853,0.047644475,0.046506941,0.878787879,0.874265038,0.879692447,7.402367438
810,0.047159195,0.047263019,0.046112257,0.882104628,0.881049299,0.882858435,7.498615504
820,0.047199642,0.047349832,0.04615332,0.881049299,0.879240163,0.883310719,7.5806309
830,0.047018838,0.047182938,0.045889039,0.881501583,0.880144731,0.882406151,7.659378997
840,0.047045202,0.047105472,0.045870988,0.88120006,0.880597015,0.881953867,7.740180395
850,0.046830127,0.04709547,0.045715768,0.881803106,0.877431027,0.882858435,7.81970303
860,0.047024082,0.047598084,0.045851918,0.879240163,0.879240163,0.886476707,7.899456303
870,0.046609411,0.047181783,0.045484486,0.878486356,0.880597015,0.886024423,7.981370576
880,0.044602469,0.044566475,0.043576566,0.886325946,0.888738128,0.888285844,8.06376734
890,0.044859813,0.045065142,0.043899037,0.884064526,0.886928991,0.889190412,8.143343825
900,0.04447557,0.044627155,0.043427959,0.885119855,0.890999548,0.889642696,8.225326359
910,0.044374547,0.044633311,0.043367905,0.886627469,0.888738128,0.890999548,8.305479903
920,0.044368228,0.04454111,0.043210511,0.885722901,0.887833559,0.889190412,8.383478288
930,0.044216097,0.04451072,0.042970151,0.885421378,0.888738128,0.888738128,8.46416506
940,0.044054736,0.044402804,0.042612825,0.88451681,0.888285844,0.895522388,8.54561045
950,0.043912257,0.044181295,0.042595891,0.888285844,0.888738128,0.895522388,8.626766341
960,0.043478551,0.043903299,0.042221858,0.886325946,0.886476707,0.895522388,8.707660217
970,0.043493526,0.043839076,0.042069171,0.887833559,0.887381275,0.895974672,8.786515195
980,0.04132008,0.041609392,0.039551672,0.8923564,0.893260968,0.900497512,8.866215674
990,0.041222585,0.041473551,0.039414213,0.893562491,0.8923564,0.902758933,8.949852037
1000,0.041375853,0.04180904,0.039621274,0.891753354,0.889642696,0.900949796,9.033747423
1010,0.041209069,0.041548519,0.039373372,0.893713252,0.891451832,0.901854365,9.113818201
1020,0.04097967,0.041282273,0.039219256,0.895070104,0.893260968,0.902306649,9.19497204
1030,0.038824205,0.039054488,0.037514426,0.904266546,0.901402081,0.904568069,9.27656515
1040,0.038734458,0.038849737,0.037420463,0.903512739,0.901854365,0.903211217,9.356029193
1050,0.03857421,0.038750613,0.0372354,0.904115785,0.898688376,0.907734057,9.434463842
1060,0.037514179,0.037486456,0.036286759,0.90577416,0.900497512,0.904115785,9.514853802
1070,0.037384106,0.037337575,0.036202315,0.906377205,0.901402081,0.906829489,9.597250115
1080,0.037281827,0.036969825,0.036439989,0.913010704,0.905472637,0.911352329,9.67742075
1090,0.037136519,0.037108506,0.035976496,0.907281773,0.902306649,0.907734057,9.762811899
1100,0.036371478,0.036378021,0.035015217,0.911050807,0.903211217,0.910447761,9.857795793
1110,0.046373083,0.04483134,0.045027693,0.881953867,0.886024423,0.884215287,9.937158649
1120,0.036167069,0.036164093,0.034899623,0.910297,0.903663501,0.909995477,10.02936736
1130,0.036879771,0.037481414,0.035686293,0.905472637,0.898688376,0.911804613,10.12748254
1140,0.036102846,0.03597064,0.03479012,0.911201568,0.905472637,0.911352329,10.2272115
1150,0.035866386,0.035744194,0.034563554,0.913010704,0.906829489,0.913161465,10.31261666
1160,0.035340359,0.035109698,0.034235252,0.912106136,0.908186341,0.912256897,10.39410844
1170,0.0352938,0.03510721,0.034261831,0.911653852,0.908186341,0.912256897,10.47893955
1180,0.035022955,0.035324148,0.03425197,0.913161465,0.910447761,0.911804613,10.56616524
1190,0.034743689,0.034952621,0.034160182,0.914669079,0.909995477,0.911804613,10.6451084
1200,0.034543415,0.034900546,0.034134165,0.915422886,0.912709181,0.913161465,10.723711
1210,0.034458624,0.034866419,0.03399666,0.916327454,0.914066033,0.914970602,10.80352436
1220,0.034340902,0.034553447,0.03376785,0.917985828,0.913161465,0.916779738,10.89869866
1230,0.03431009,0.034755241,0.03376338,0.916628976,0.914518318,0.915422886,10.99096981
1240,0.034272311,0.034742304,0.033821713,0.916779738,0.915422886,0.916327454,11.08091335
1250,0.034396682,0.035420826,0.034074806,0.916176692,0.910900045,0.917232022,11.16024286
1260,0.033960396,0.034301549,0.033632084,0.917835067,0.914518318,0.913613749,11.24181825
1270,0.033879068,0.03411377,0.034037119,0.91708126,0.91587517,0.914066033,11.33853183
1280,0.033687249,0.033787242,0.033714968,0.916327454,0.917232022,0.914970602,11.42765758
1290,0.033803706,0.033957939,0.033850784,0.916628976,0.916327454,0.914518318,11.52935727
1300,0.033664428,0.033708217,0.033640651,0.917684306,0.916779738,0.916779738,11.61139313
1310,0.033592395,0.033596285,0.033420541,0.917985828,0.917232022,0.916779738,11.69125709
1320,0.033287708,0.033170089,0.032960037,0.918588874,0.917684306,0.916779738,11.77231164
1330,0.033304004,0.033108213,0.032904483,0.918588874,0.917684306,0.914970602,11.85442625
1340,0.03308913,0.032971579,0.032560434,0.918287351,0.916779738,0.919041158,11.93419765
1350,0.033065425,0.032962283,0.032551219,0.918287351,0.916779738,0.91813659,12.0143311
1360,0.033015941,0.032858133,0.032617814,0.916930499,0.915422886,0.917684306,12.09387975
1370,0.032720618,0.032451269,0.032223899,0.919945726,0.918588874,0.920850294,12.17461474
1380,0.032688466,0.032498963,0.032183467,0.91813659,0.917232022,0.91813659,12.25326481
1390,0.03263796,0.032465938,0.032133933,0.919191919,0.917232022,0.917684306,12.3316191
1400,0.032710527,0.032472413,0.032310007,0.919493442,0.919041158,0.917232022,12.41369953
1410,0.032700877,0.03248945,0.032282997,0.918890397,0.91813659,0.917684306,12.49555897
1420,0.032692738,0.032892022,0.032389156,0.919644203,0.919041158,0.91813659,12.57486642
1430,0.03265533,0.032635559,0.032201488,0.91813659,0.916779738,0.919041158,12.65576546
1440,0.032494652,0.032322137,0.032078231,0.91813659,0.91813659,0.91813659,12.73723841
1450,0.032533074,0.032327714,0.032079134,0.919342681,0.91813659,0.92039801,12.81597879
1460,0.032333173,0.032213082,0.031939981,0.920850294,0.91813659,0.919945726,12.90274194
1470,0.032307275,0.032180923,0.031924962,0.920850294,0.918588874,0.920850294,12.98594596
1480,0.032171695,0.032053296,0.031576739,0.920548771,0.921302578,0.919945726,13.06763824
1490,0.032154657,0.032190006,0.031567026,0.921151817,0.919945726,0.92039801,13.14610451
1500,0.032135168,0.032187929,0.031584052,0.921151817,0.919041158,0.919493442,13.22639318
1510,0.031454948,0.031393599,0.030605412,0.920850294,0.922207146,0.924016282,13.30714666
1520,0.031409162,0.031527916,0.030583766,0.919644203,0.919945726,0.923111714,13.38960292
1530,0.031378869,0.031427584,0.03068602,0.919342681,0.92039801,0.921754862,13.46959855
1540,0.031340747,0.03143366,0.030686528,0.92039801,0.92039801,0.92265943,13.55104391
1550,0.031174264,0.031249043,0.030525621,0.919945726,0.922207146,0.92265943,13.63114254
1560,0.031183014,0.031228096,0.030538248,0.919644203,0.921302578,0.921302578,13.71084269
1570,0.031161327,0.031217852,0.030505351,0.920096487,0.922207146,0.92265943,13.79136037
1580,0.031100911,0.031114439,0.030462479,0.920247249,0.921302578,0.923111714,13.87067691
1590,0.03118114,0.031206816,0.030538211,0.920247249,0.920850294,0.921302578,13.96640665
1600,0.031048235,0.031188091,0.030476952,0.919493442,0.921302578,0.921754862,14.06521109
1610,0.031043119,0.031066921,0.030359088,0.921302578,0.923111714,0.924016282,14.1487123
1620,0.030555054,0.030300874,0.029797005,0.923111714,0.923111714,0.925373134,14.2311435
1630,0.030539991,0.03031384,0.029619764,0.923262476,0.924468566,0.926729986,14.32001343
1640,0.030348393,0.030205072,0.029605526,0.922810191,0.924468566,0.923563998,14.41297148
1650,0.030299192,0.030312296,0.029714653,0.922056385,0.925825418,0.92492085,14.49489187
1660,0.03026928,0.030216228,0.029653221,0.923111714,0.925825418,0.924468566,14.5756782
1670,0.030129433,0.029920201,0.029438856,0.921754862,0.926277702,0.923563998,14.67321529
1680,0.030329568,0.030288708,0.029762053,0.920850294,0.923563998,0.92039801,14.75546485
1690,0.029954952,0.029734728,0.029259731,0.922056385,0.92492085,0.923111714,14.83574595
1700,0.030094171,0.029781151,0.029569452,0.921754862,0.92492085,0.92265943,14.91540609
1710,0.029943341,0.030067027,0.029501607,0.922810191,0.925373134,0.922207146,14.99613824
1720,0.029857523,0.02965564,0.029124907,0.922508669,0.92718227,0.923111714,15.0935301
1730,0.029838898,0.02951202,0.02907373,0.922508669,0.926729986,0.924016282,15.17242748
1740,0.029934506,0.030087639,0.029393035,0.922207146,0.926277702,0.924016282,15.25129726
1750,0.029738388,0.029562409,0.029071415,0.923111714,0.927634555,0.923111714,15.33317265
1760,0.029736613,0.029473585,0.029026611,0.922960953,0.927634555,0.923111714,15.41387747
1770,0.029869715,0.029829552,0.029334432,0.923111714,0.927634555,0.924016282,15.50790504
1780,0.029922133,0.030359881,0.029438434,0.921453339,0.924468566,0.923111714,15.60835148
1790,0.029381103,0.029303603,0.028408794,0.924468566,0.92718227,0.928086839,15.6905719
1800,0.029371298,0.029145426,0.028309051,0.924167044,0.927634555,0.929895975,15.77277783
1810,0.029498276,0.029766632,0.02857423,0.921302578,0.923111714,0.928539123,15.85764706
1820,0.029137361,0.028963721,0.028091821,0.924770089,0.928991407,0.930800543,15.93822968
1830,0.029103631,0.029043213,0.027998568,0.924770089,0.928086839,0.928991407,16.02486002
1840,0.028923174,0.029057871,0.027983158,0.924770089,0.927634555,0.931252827,16.11177847
1850,0.028924319,0.029005073,0.027907912,0.924770089,0.927634555,0.930800543,16.19161593
1860,0.028984186,0.029464705,0.028356186,0.926579225,0.92718227,0.925825418,16.27809247
1870,0.028864812,0.029099879,0.027973281,0.924770089,0.928086839,0.931252827,16.35935036
1880,0.028794706,0.028911558,0.027895967,0.925523896,0.928086839,0.931252827,16.44192873
1890,0.028778814,0.028720967,0.027947758,0.922207146,0.928991407,0.92718227,16.53978008
1900,0.028763797,0.028717757,0.027856471,0.923111714,0.928086839,0.927634555,16.62119323
1910,0.02872582,0.028652736,0.027817751,0.922056385,0.928991407,0.92718227,16.70305026
1920,0.02873955,0.028759103,0.027918917,0.922056385,0.928991407,0.92718227,16.7833772
1930,0.030900429,0.032551165,0.030438286,0.919945726,0.91587517,0.919945726,16.8633481
1940,0.028419349,0.028462935,0.027244889,0.925825418,0.929443691,0.929443691,16.9481231
1950,0.028370113,0.028417603,0.02726327,0.92492085,0.928539123,0.928991407,17.03307622
1960,0.028241007,0.028785806,0.027260245,0.928388361,0.928539123,0.933514247,17.11269355
1970,0.028186094,0.028470853,0.027273531,0.928086839,0.932157395,0.933061963,17.19330856
1980,0.028100579,0.028458995,0.027053326,0.927483793,0.929443691,0.933514247,17.27160192
1990,0.028101162,0.028381725,0.027136148,0.928388361,0.930348259,0.931705111,17.35089182
2000,0.027962537,0.028403682,0.026916183,0.928991407,0.930348259,0.932609679,17.42999222
2010,0.028007852,0.028493549,0.02695958,0.927936077,0.927634555,0.930800543,17.50920163
2020,0.027931384,0.028558391,0.027116924,0.927634555,0.927634555,0.930348259,17.58783315
2030,0.027820493,0.028341941,0.02669401,0.92718227,0.928991407,0.930800543,17.66704135
2040,0.028100725,0.02858054,0.026870286,0.926579225,0.925825418,0.934418815,17.74738133
2050,0.02777597,0.028271572,0.026816818,0.9282376,0.928539123,0.932157395,17.83037199
2060,0.027689999,0.027914885,0.026768276,0.927785316,0.928539123,0.933966531,17.9098307
2070,0.027674458,0.027833036,0.02671386,0.927785316,0.928086839,0.934418815,17.98904357
2080,0.027582382,0.027842916,0.026605358,0.929443691,0.928539123,0.933966531,18.06789642
2090,0.027545586,0.027735914,0.026468934,0.928840645,0.928991407,0.933966531,18.14816707
2100,0.027513002,0.027860719,0.02661978,0.930649781,0.931705111,0.933514247,18.22878733
2110,0.027357482,0.027576718,0.026327328,0.929594452,0.928991407,0.934418815,18.31087433
2120,0.027265514,0.027599467,0.026204448,0.930348259,0.932157395,0.934871099,18.39305794
2130,0.027270019,0.027614566,0.026226907,0.930951304,0.932157395,0.936227951,18.47206376
2140,0.027331328,0.027771062,0.026145952,0.930197497,0.928991407,0.935323383,18.55159069
2150,0.027175638,0.027725392,0.026082191,0.928991407,0.928991407,0.933514247,18.63329535
2160,0.027244091,0.027779128,0.026139911,0.928991407,0.930348259,0.932157395,18.716507
2170,0.027250011,0.027912777,0.026094179,0.929895975,0.930800543,0.936680235,18.79784537
2180,0.027161277,0.027745796,0.026058584,0.929443691,0.928991407,0.933514247,18.88008033
2190,0.027553676,0.028376756,0.026686836,0.93049902,0.928991407,0.932157395,18.961257
2200,0.02719071,0.027717621,0.025994686,0.930046736,0.929895975,0.935775667,19.04253837
2210,0.027119124,0.027537764,0.026000007,0.929745213,0.930800543,0.933966531,19.12368826
2220,0.027112301,0.027497212,0.026020873,0.929745213,0.931252827,0.933966531,19.20348935
2230,0.02721025,0.027719738,0.026130554,0.931102065,0.931252827,0.933061963,19.28236618
2240,0.0270257,0.027529973,0.025911239,0.930046736,0.931705111,0.933514247,19.36571053
2250,0.027021446,0.027608215,0.025983959,0.929443691,0.932157395,0.934418815,19.44716127
2260,0.027001603,0.027388761,0.025844157,0.929594452,0.931252827,0.934418815,19.5270438
2270,0.026998396,0.027426453,0.025877744,0.929895975,0.930800543,0.933514247,19.60830256
2280,0.026986821,0.027503186,0.025996241,0.929292929,0.931705111,0.933061963,19.68836862
2290,0.026918941,0.027313353,0.025895858,0.931403588,0.930800543,0.934871099,19.76824735
2300,0.026981121,0.027385285,0.025895916,0.930046736,0.929443691,0.935775667,19.84788833
2310,0.026845774,0.027272288,0.025843144,0.930951304,0.930348259,0.935323383,19.93000451
2320,0.026937827,0.027310846,0.025869435,0.931554349,0.929895975,0.935775667,20.01038443
2330,0.02677011,0.027232183,0.025658016,0.932006633,0.932157395,0.935775667,20.09062686
2340,0.026751217,0.027231861,0.025588283,0.931252827,0.931705111,0.936227951,20.17162731
2350,0.026667206,0.027263777,0.025603375,0.930800543,0.930348259,0.933966531,20.25045048
2360,0.026752427,0.027141229,0.025647871,0.931403588,0.930348259,0.937132519,20.34784932
2370,0.026625422,0.027208116,0.025577546,0.931403588,0.931252827,0.934418815,20.438228
2380,0.026706667,0.027251924,0.025411174,0.931252827,0.930800543,0.935323383,20.52216013
2390,0.026540726,0.027000538,0.025584642,0.930951304,0.933514247,0.934871099,20.61106115
2400,0.026555757,0.027138862,0.025466866,0.931252827,0.932609679,0.935323383,20.69203514
2410,0.026587469,0.027022205,0.025451794,0.931252827,0.931252827,0.937132519,20.77609565
2420,0.026484688,0.02707953,0.025417134,0.931554349,0.933061963,0.935323383,20.86154838
2430,0.026533335,0.027102383,0.025483029,0.932006633,0.934871099,0.935323383,20.9604077
2440,0.026824467,0.027066076,0.025662681,0.930951304,0.929895975,0.936227951,21.04824599
2450,0.026666302,0.027396473,0.025721307,0.929594452,0.927634555,0.933514247,21.1502332
2460,0.026374848,0.026952233,0.025253129,0.931102065,0.932157395,0.935323383,21.25038542
2470,0.026348491,0.027028873,0.025243519,0.93049902,0.931252827,0.935775667,21.3534492
2480,0.026339202,0.027025284,0.02522119,0.930649781,0.930800543,0.935775667,21.46476411
2490,0.026318464,0.026989669,0.0251747,0.931403588,0.932157395,0.936227951,21.5483399
2500,0.026311468,0.026918082,0.025034519,0.931403588,0.931705111,0.936680235,21.63410066
2510,0.026314683,0.027035969,0.025116445,0.930649781,0.929895975,0.935775667,21.71673744
2520,0.026302894,0.027043219,0.025183727,0.931252827,0.929895975,0.935775667,21.81851471
2530,0.026242694,0.027050242,0.025243094,0.930348259,0.930800543,0.936680235,21.91066973
2540,0.026309111,0.026790693,0.025153184,0.932157395,0.930800543,0.937584803,21.99033539
2550,0.026227613,0.026907542,0.025018796,0.931705111,0.931252827,0.937132519,22.0848149
2560,0.026200994,0.026812143,0.0251309,0.931855872,0.931705111,0.936680235,22.17104629
2570,0.026465754,0.02714241,0.02509182,0.930348259,0.925825418,0.937132519,22.25624162
2580,0.026138564,0.026869007,0.025041531,0.931855872,0.932157395,0.936680235,22.34284781
2590,0.026098226,0.026776403,0.025145522,0.931102065,0.932609679,0.935775667,22.42254703
2600,0.026096867,0.026781979,0.025177601,0.930951304,0.932157395,0.937132519,22.50215408
2610,0.026187065,0.026741875,0.025229722,0.930649781,0.932609679,0.936227951,22.58263068
2620,0.026037816,0.026482475,0.024973884,0.931855872,0.930348259,0.938941655,22.66693721
2630,0.02606666,0.026860895,0.025253274,0.930649781,0.929895975,0.937132519,22.74844761
2640,0.025994974,0.026490963,0.025055844,0.931855872,0.932157395,0.938489371,22.83070329
2650,0.025957698,0.026509989,0.024882478,0.930951304,0.931705111,0.938489371,22.92335116
2660,0.025983979,0.026613053,0.024859993,0.932006633,0.931252827,0.938489371,23.0034333
2670,0.026758145,0.027911403,0.026121273,0.928991407,0.926277702,0.935323383,23.08784191
2680,0.025916618,0.026512362,0.024838266,0.931554349,0.930800543,0.939393939,23.16734454
2690,0.025917537,0.026509573,0.024839216,0.931554349,0.930800543,0.939393939,23.24929743
2700,0.025937699,0.026523849,0.024992795,0.931403588,0.932609679,0.938941655,23.33073469
2710,0.02594222,0.027033014,0.02487312,0.930951304,0.931252827,0.937132519,23.43187866
2720,0.02585472,0.026613413,0.024742155,0.931403588,0.930800543,0.939393939,23.51378451
2730,0.025847599,0.026599024,0.024801599,0.932308156,0.931252827,0.938489371,23.59956331
2740,0.025850537,0.026588142,0.024740902,0.931855872,0.931252827,0.939393939,23.68356676
2750,0.025873337,0.02664023,0.024931035,0.932308156,0.931705111,0.939846223,23.77124427
2760,0.025774139,0.026474939,0.024494343,0.931855872,0.931705111,0.940298507,23.87435387
2770,0.025707332,0.026408682,0.024498852,0.932458918,0.932157395,0.940750791,23.96798348
2780,0.025725919,0.02643444,0.024465836,0.932308156,0.932157395,0.941203076,24.06205949
2790,0.025686377,0.026441308,0.024468435,0.93276044,0.931705111,0.94165536,24.14273452
2800,0.025686206,0.026466375,0.024480704,0.93276044,0.932157395,0.942107644,24.22287046
2810,0.025699342,0.026351164,0.024439312,0.931705111,0.933061963,0.941203076,24.30419949
2820,0.025643585,0.026432966,0.024538483,0.932006633,0.931252827,0.94165536,24.3900997
2830,0.025624883,0.026431794,0.024518962,0.931855872,0.931252827,0.941203076,24.4722459
2840,0.02563421,0.026429144,0.024518779,0.931252827,0.931252827,0.940298507,24.55379098
2850,0.025616986,0.026400734,0.024501778,0.931705111,0.931252827,0.940750791,24.63626309
2860,0.025613447,0.026398144,0.024472356,0.932157395,0.931252827,0.942559928,24.7169076
2870,0.025614829,0.026356326,0.024526214,0.93381577,0.931705111,0.94165536,24.79707565
2880,0.025590706,0.026345543,0.02434206,0.932458918,0.932157395,0.939846223,24.88322997
2890,0.025602881,0.026308087,0.024367377,0.932308156,0.932157395,0.938941655,24.9668777
2900,0.025598489,0.026486657,0.024415102,0.934117292,0.932157395,0.940750791,25.06734584
2910,0.025745031,0.026416038,0.024499443,0.932458918,0.930800543,0.938941655,25.15969217
2920,0.025536386,0.026341805,0.024434336,0.934418815,0.931705111,0.939846223,25.24589365
2930,0.02553155,0.026337091,0.024292297,0.933061963,0.932609679,0.940298507,25.33158137
2940,0.02548141,0.026331073,0.024311038,0.934418815,0.932157395,0.940750791,25.413664
2950,0.025443829,0.026252787,0.0243502,0.934871099,0.931705111,0.940750791,25.49406371
2960,0.025429562,0.026262209,0.024342534,0.935624906,0.931705111,0.942107644,25.58064056
2970,0.025462502,0.026105494,0.024368317,0.933212724,0.932609679,0.94165536,25.67449208
2980,0.025423663,0.026216245,0.024332596,0.93502186,0.931252827,0.942559928,25.77913704
2990,0.025624587,0.026440133,0.024293048,0.932911202,0.931252827,0.938941655,25.86900157
3000,0.025386505,0.026300006,0.024219081,0.934720338,0.931705111,0.942559928,25.95069829
3010,0.025373381,0.026334469,0.024168532,0.93502186,0.931252827,0.942107644,26.03105034
3020,0.025591926,0.02620886,0.024128096,0.931855872,0.930348259,0.939846223,26.1098639
3030,0.025360956,0.026498613,0.024169251,0.935775667,0.932157395,0.940750791,26.19161946
3040,0.025427292,0.026527586,0.024381693,0.935172622,0.931705111,0.941203076,26.27354578
3050,0.025355183,0.026502365,0.024166487,0.935775667,0.932157395,0.940750791,26.35586894
3060,0.025360716,0.026488531,0.024173696,0.936227951,0.932609679,0.940750791,26.44680004
3070,0.025377962,0.026472699,0.024198095,0.93502186,0.930800543,0.942107644,26.52558683
3080,0.025314726,0.026458546,0.024172865,0.935926428,0.930348259,0.939846223,26.61330816
3090,0.025701705,0.027003565,0.024472573,0.933514247,0.929443691,0.939393939,26.69227705
3100,0.025419988,0.026737338,0.024203887,0.935474144,0.929895975,0.938037087,26.77395775
3110,0.025287876,0.02639944,0.024188287,0.935775667,0.931252827,0.940298507,26.86896406
3120,0.025268295,0.026324901,0.024193446,0.935323383,0.928991407,0.939393939,26.94783561
3130,0.0252756,0.026188306,0.024031806,0.935323383,0.928539123,0.940298507,27.02809633
3140,0.02526472,0.026340223,0.024058134,0.93502186,0.928991407,0.940298507,27.11198856
3150,0.025261598,0.026476434,0.024081638,0.934117292,0.930800543,0.939393939,27.20578273
3160,0.025234699,0.02642769,0.024081762,0.935624906,0.930800543,0.940298507,27.2851678
3170,0.025208822,0.026412276,0.024099656,0.935775667,0.930800543,0.939846223,27.36699343
3180,0.025156524,0.026407993,0.024215573,0.935926428,0.930348259,0.937584803,27.44643903
3190,0.025152003,0.026398392,0.024247756,0.935926428,0.930348259,0.937584803,27.52453524
3200,0.025133184,0.026353745,0.024240211,0.936680235,0.931705111,0.938037087,27.60458564
3210,0.025131267,0.026348247,0.02424728,0.936378712,0.931252827,0.938037087,27.68309884
3220,0.025128767,0.026350622,0.024245384,0.936378712,0.931252827,0.937132519,27.76286755
3230,0.025209047,0.026488857,0.024311545,0.934418815,0.929895975,0.937132519,27.84664622
3240,0.025102446,0.026308591,0.0241309,0.936529474,0.931252827,0.937132519,27.92687598
3250,0.025067252,0.026283872,0.024015342,0.936680235,0.931252827,0.938489371,28.0070556
3260,0.025055311,0.026209688,0.024031133,0.936680235,0.930348259,0.939846223,28.08804956
3270,0.025054014,0.026186083,0.023936229,0.936378712,0.931252827,0.940298507,28.16854871
3280,0.025076903,0.026019322,0.024204788,0.934418815,0.928991407,0.938037087,28.24662326
3290,0.024998121,0.026079409,0.024056718,0.936680235,0.929443691,0.941203076,28.32577991
3300,0.024971112,0.026062245,0.024045538,0.936529474,0.929443691,0.940298507,28.41939021
3310,0.025094499,0.026259801,0.024231956,0.936378712,0.928539123,0.937584803,28.51510357
3320,0.025018831,0.026205915,0.024131236,0.936529474,0.929443691,0.939393939,28.61575553
3330,0.024950531,0.026086503,0.024009215,0.936680235,0.929443691,0.938941655,28.71503323
3340,0.024949325,0.026268309,0.024094701,0.936378712,0.931705111,0.940298507,28.8138789
3350,0.024919781,0.026177451,0.024145739,0.937283281,0.930800543,0.939393939,28.89988327
3360,0.025093846,0.026576456,0.024268711,0.933966531,0.930348259,0.938941655,28.97960346
3370,0.024860845,0.025927007,0.024064993,0.936680235,0.929895975,0.938941655,29.05980532
3380,0.024850365,0.026042342,0.024074977,0.936378712,0.928991407,0.939393939,29.148962
3390,0.024865369,0.026065828,0.024247944,0.935624906,0.926729986,0.935775667,29.23902973
3400,0.02477121,0.025860643,0.024274124,0.936378712,0.931252827,0.936227951,29.32267686
3410,0.024707542,0.025819865,0.024154519,0.936378712,0.930348259,0.936680235,29.40204718
3420,0.024732181,0.02585271,0.024114764,0.936378712,0.931705111,0.938037087,29.49772843
3430,0.025307169,0.025864803,0.024443176,0.934117292,0.929443691,0.940750791,29.57749389
3440,0.02464769,0.025670867,0.023964703,0.936680235,0.930800543,0.938037087,29.65873902
3450,0.024641973,0.025660588,0.023962144,0.936680235,0.930800543,0.938037087,29.7535148
3460,0.024628834,0.025720059,0.023955827,0.935775667,0.929895975,0.936227951,29.84304514
3470,0.024614696,0.02568954,0.023899282,0.936830997,0.930348259,0.939393939,29.92170831
3480,0.024608706,0.025686244,0.023912238,0.936529474,0.930348259,0.938489371,30.00273784
3490,0.024636035,0.025863234,0.024201852,0.936227951,0.929895975,0.938037087,30.08171725
3500,0.024588749,0.025721248,0.02385091,0.93607719,0.930348259,0.939393939,30.16159518
3510,0.024572758,0.025734422,0.023956803,0.937283281,0.931252827,0.939846223,30.24241307
3520,0.024566298,0.025702863,0.023987456,0.936529474,0.930348259,0.938941655,30.32051303
3530,0.024566471,0.025758781,0.024090322,0.937584803,0.928991407,0.937584803,30.40488505
3540,0.024571127,0.025625086,0.023940821,0.937735565,0.930348259,0.940298507,30.48638825
3550,0.024521882,0.025632903,0.023925464,0.937283281,0.929443691,0.938941655,30.56819191
3560,0.024508654,0.025567888,0.023942753,0.938037087,0.929895975,0.938941655,30.64721916
3570,0.024507102,0.025563556,0.023943643,0.938037087,0.929895975,0.938941655,30.72790551
3580,0.024501328,0.0255609,0.023945358,0.938037087,0.929895975,0.938941655,30.80581171
3590,0.0244933,0.025621275,0.023802963,0.937132519,0.930348259,0.938037087,30.88316361
3600,0.024439142,0.025637313,0.023679734,0.937735565,0.928539123,0.939846223,30.96374996
3610,0.025751548,0.027037899,0.024898339,0.936529474,0.923563998,0.940298507,31.0452829
3620,0.024348829,0.025557762,0.023546457,0.938489371,0.929895975,0.939846223,31.12519717
3630,0.024431254,0.02583829,0.023610155,0.936981758,0.932157395,0.939393939,31.20591981
3640,0.024317029,0.025559834,0.023528177,0.938037087,0.929443691,0.939393939,31.28501036
3650,0.024309992,0.02553649,0.023530689,0.93833861,0.929895975,0.940298507,31.36249059
3660,0.02431152,0.025540364,0.0235369,0.93833861,0.929895975,0.940298507,31.45979428
3670,0.025043486,0.026264772,0.024277055,0.937283281,0.930800543,0.936227951,31.54108787
3680,0.024301558,0.025528009,0.02348786,0.938187849,0.929895975,0.940298507,31.6213041
3690,0.024295468,0.025567115,0.023339088,0.937584803,0.930800543,0.940298507,31.70975135
3700,0.024375141,0.025765231,0.02344103,0.935624906,0.932609679,0.938489371,31.80750552
3710,0.024281009,0.025582367,0.023437003,0.93833861,0.930348259,0.937584803,31.8853754
3720,0.024279912,0.025517445,0.023408798,0.937434042,0.930800543,0.937584803,31.9669954
3730,0.024259685,0.025580185,0.023461865,0.938489371,0.931705111,0.939846223,32.04731842
3740,0.024271633,0.025639663,0.023519242,0.938187849,0.931705111,0.940298507,32.12670863
3750,0.024283914,0.025652289,0.02350911,0.938187849,0.932609679,0.938941655,32.21026927
3760,0.024792037,0.026057969,0.023411464,0.934569576,0.930800543,0.941203076,32.28987947
3770,0.024257122,0.025612224,0.023445015,0.937886326,0.931705111,0.937584803,32.37041039
3780,0.024254408,0.025596514,0.023454315,0.938037087,0.932157395,0.940298507,32.45192868
3790,0.024306103,0.025643918,0.023562558,0.938790894,0.931252827,0.938941655,32.53119093
3800,0.024251383,0.025720442,0.023441183,0.937434042,0.932157395,0.939846223,32.61055182
3810,0.024235007,0.025584434,0.023383501,0.938037087,0.930348259,0.941203076,32.70108991
3820,0.024194428,0.025535043,0.02343022,0.937735565,0.930348259,0.940298507,32.79548722
3830,0.024213499,0.025549015,0.023431587,0.937886326,0.930800543,0.939393939,32.87668401
3840,0.024349846,0.025464519,0.023581895,0.93833861,0.929443691,0.940750791,32.98057225
3850,0.024182757,0.025429151,0.023355026,0.937132519,0.931252827,0.938489371,33.06589332
3860,0.0242913,0.025531169,0.023830016,0.936981758,0.932157395,0.938489371,33.14776096
3870,0.024164066,0.025410387,0.023429513,0.937283281,0.931252827,0.937584803,33.23224331
3880,0.024179736,0.025376139,0.023396516,0.938037087,0.930800543,0.938941655,33.3107063
3890,0.024177877,0.025480646,0.023498508,0.938489371,0.931252827,0.938941655,33.38992814
3900,0.024171761,0.025453364,0.023475495,0.937735565,0.931252827,0.938941655,33.4899966
3910,0.024161503,0.025389156,0.023408232,0.937283281,0.930800543,0.938489371,33.56807889
3920,0.024235775,0.02547502,0.023492417,0.937283281,0.931252827,0.939393939,33.6645217
3930,0.024172774,0.025424838,0.023450814,0.937886326,0.930800543,0.938941655,33.75278743
3940,0.024164582,0.025568001,0.023350931,0.93833861,0.930800543,0.940298507,33.83268128
3950,0.024207651,0.025612465,0.023548155,0.936830997,0.933061963,0.941203076,33.91898098
3960,0.024062998,0.025470397,0.02327964,0.938640133,0.930348259,0.941203076,34.00177977
3970,0.024043634,0.025459593,0.023387063,0.93833861,0.930800543,0.939846223,34.0803407
3980,0.024037895,0.025399142,0.023342122,0.937735565,0.930800543,0.939846223,34.17598122
3990,0.024045519,0.025504121,0.023429898,0.939092417,0.929895975,0.94165536,34.26937136
4000,0.023984798,0.025486176,0.023339527,0.939092417,0.931252827,0.940750791,34.34808258
4010,0.023988009,0.025536546,0.023329793,0.938941655,0.931252827,0.941203076,34.43615837
4020,0.024070103,0.025585601,0.023422404,0.937735565,0.931705111,0.938941655,34.51849584
4030,0.023934384,0.025441798,0.023325794,0.938640133,0.930348259,0.938037087,34.60057266
4040,0.02392068,0.025514502,0.023401019,0.938489371,0.931252827,0.939846223,34.69100348
4050,0.023909067,0.025460488,0.023281924,0.939393939,0.931705111,0.941203076,34.77540206
4060,0.023944181,0.02542873,0.023270182,0.938790894,0.928991407,0.940298507,34.85725125
4070,0.024013638,0.025309714,0.02330315,0.937886326,0.931705111,0.940750791,34.9516782
4080,0.02390353,0.025460322,0.023269902,0.938941655,0.930800543,0.941203076,35.03084669
4090,0.023895886,0.025486856,0.023300476,0.938640133,0.930348259,0.94165536,35.11720979
4100,0.023793561,0.025396318,0.023064705,0.938790894,0.930348259,0.942107644,35.19878252
4110,0.023815167,0.025304544,0.023041545,0.939393939,0.929895975,0.942107644,35.28277647
4120,0.023803125,0.025325411,0.023067744,0.938489371,0.930348259,0.943464496,35.36133397
4130,0.023860253,0.025388934,0.023232209,0.938489371,0.932157395,0.942107644,35.44167789
4140,0.023830284,0.025524,0.023129845,0.938640133,0.932157395,0.942107644,35.52357544
4150,0.023765563,0.025368745,0.023042655,0.939393939,0.932609679,0.942559928,35.60507417
4160,0.023967293,0.025296622,0.023121791,0.936981758,0.930800543,0.940750791,35.68431644
4170,0.023755089,0.025360513,0.023048223,0.939544701,0.932609679,0.943012212,35.78349845
4180,0.023748411,0.025311806,0.023095616,0.939544701,0.931252827,0.942559928,35.86456314
4190,0.023744483,0.025317952,0.02302654,0.938187849,0.930800543,0.943012212,35.94474902
4200,0.024584134,0.026299417,0.023488952,0.937886326,0.927634555,0.942559928,36.02405088
4210,0.023755096,0.025332623,0.023066927,0.938187849,0.930800543,0.942559928,36.10384364
4220,0.023721707,0.025276264,0.02299673,0.938790894,0.930800543,0.943012212,36.18670641
4230,0.023786626,0.025326114,0.023152715,0.938489371,0.931252827,0.943012212,36.26670921
4240,0.023710346,0.025286066,0.022993843,0.939393939,0.931252827,0.943012212,36.34693411
4250,0.023710594,0.025281542,0.022990908,0.939393939,0.932157395,0.943012212,36.42700932
4260,0.024088672,0.025346321,0.023749129,0.937886326,0.933966531,0.938037087,36.50712022
4270,0.024059184,0.0254885,0.023017046,0.935172622,0.932157395,0.939393939,36.58590499
4280,0.023679235,0.025339576,0.022783517,0.938640133,0.931705111,0.942107644,36.66593767
4290,0.023708863,0.025352312,0.022750341,0.93833861,0.932157395,0.943012212,36.74548054
4300,0.023679498,0.025200984,0.022831824,0.939846223,0.930800543,0.943464496,36.82699036
4310,0.023635504,0.025310982,0.02285493,0.940298507,0.931252827,0.943464496,36.90568146
4320,0.02362518,0.025271858,0.022892176,0.940298507,0.931705111,0.943012212,36.98501018
4330,0.023641255,0.025259216,0.022911684,0.939393939,0.930348259,0.943012212,37.06852651
4340,0.024988753,0.026452972,0.024175972,0.93502186,0.928086839,0.940750791,37.17013777
4350,0.023678834,0.025495795,0.022981498,0.938941655,0.932157395,0.941203076,37.28268531
4360,0.023780854,0.02534128,0.022976335,0.937132519,0.928539123,0.943012212,37.37406422
4370,0.023618426,0.025232673,0.022986027,0.938941655,0.932609679,0.942559928,37.46106044
4380,0.023971654,0.025279875,0.023292467,0.935775667,0.930800543,0.940750791,37.55758393
4390,0.023467263,0.025127699,0.022927167,0.939544701,0.932157395,0.943464496,37.63879066
4400,0.023497077,0.024989806,0.023089601,0.939846223,0.930800543,0.942107644,37.72137898
4410,0.023453279,0.025033942,0.023027801,0.939243178,0.930800543,0.941203076,37.80310015
4420,0.023434063,0.025047535,0.022985545,0.939544701,0.931252827,0.943464496,37.88380772
4430,0.023428539,0.025055561,0.022963202,0.939544701,0.931252827,0.943464496,37.96402053
4440,0.023435192,0.025082922,0.022948969,0.940147746,0.931705111,0.942559928,38.04342969
4450,0.023415049,0.025038308,0.022900287,0.939846223,0.932157395,0.943012212,38.12277046
4460,0.023664704,0.025175474,0.023191933,0.937735565,0.929895975,0.94165536,38.2021996
4470,0.023521045,0.025335105,0.023086019,0.940298507,0.933966531,0.940750791,38.29631129
4480,0.02365393,0.025560277,0.023122258,0.938941655,0.933061963,0.940750791,38.3915649
4490,0.023513002,0.02508318,0.022923131,0.939695462,0.931705111,0.942107644,38.48024811
4500,0.023381631,0.025056186,0.022955204,0.939695462,0.930800543,0.943464496,38.56363219
4510,0.023372645,0.025047503,0.02288806,0.939243178,0.932609679,0.943464496,38.66460636
4520,0.023367103,0.025021739,0.022950494,0.939092417,0.932157395,0.943012212,38.74546628
4530,0.023345129,0.024867638,0.022839023,0.939092417,0.931705111,0.943012212,38.83150932
4540,0.02336174,0.024850168,0.022821197,0.939996985,0.932609679,0.943464496,38.91520819
4550,0.023337862,0.024880684,0.022808054,0.940147746,0.932157395,0.944369064,38.99524442
4560,0.023329594,0.024845262,0.022829135,0.939846223,0.931705111,0.94391678,39.07535428
4570,0.023363456,0.02488785,0.022899292,0.939393939,0.931252827,0.943464496,39.15791517
4580,0.02332705,0.024933694,0.022677373,0.939092417,0.930800543,0.943012212,39.23878573
4590,0.02339728,0.024996238,0.022887946,0.939544701,0.932609679,0.94165536,39.3196388
4600,0.02331935,0.024880708,0.022853108,0.939544701,0.932157395,0.943012212,39.40197404
4610,0.023348033,0.024989222,0.022929711,0.940147746,0.932609679,0.943464496,39.48244971
4620,0.023323192,0.024902499,0.022972012,0.938489371,0.930800543,0.940750791,39.56330381
4630,0.023281123,0.024842119,0.022936036,0.939393939,0.931705111,0.940750791,39.64637934
4640,0.023301827,0.025059657,0.023009459,0.941203076,0.934418815,0.944369064,39.72693679
4650,0.023320695,0.024745398,0.023129776,0.940750791,0.934418815,0.942559928,39.80746706
4660,0.023263746,0.024921975,0.023015668,0.939695462,0.931252827,0.942107644,39.88923701
4670,0.023642453,0.025659696,0.023333912,0.939695462,0.933966531,0.938941655,39.96901451
4680,0.023270272,0.025064269,0.023035434,0.941203076,0.934871099,0.942559928,40.04808515
4690,0.02324629,0.024971818,0.023006818,0.941504598,0.933966531,0.943464496,40.13259915
4700,0.023222627,0.02481839,0.023007828,0.939393939,0.931252827,0.942107644,40.21406042
4710,0.023235152,0.024801467,0.022985678,0.939846223,0.931705111,0.942559928,40.29389462
4720,0.023183201,0.024790002,0.022886134,0.939243178,0.931252827,0.942107644,40.37577772
4730,0.023127592,0.024823187,0.02277331,0.939996985,0.932609679,0.943012212,40.45593084
4740,0.023224848,0.024741146,0.022715314,0.939996985,0.932609679,0.944369064,40.53522743
4750,0.02306179,0.024951757,0.022602121,0.939996985,0.932609679,0.943012212,40.61693108
4760,0.023066721,0.024976656,0.022613654,0.939846223,0.931705111,0.94391678,40.69817777
4770,0.023092553,0.024946428,0.022567874,0.939544701,0.932609679,0.943012212,40.77796929
4780,0.0230738,0.025023094,0.022581594,0.940147746,0.932609679,0.943012212,40.86081519
4790,0.023012905,0.025018398,0.022542404,0.942107644,0.933061963,0.944369064,40.94242218
4800,0.02302203,0.024977921,0.02253774,0.941052314,0.932157395,0.942559928,41.02148626
4810,0.02299737,0.025023447,0.022507282,0.942258405,0.933061963,0.94391678,41.10355201
4820,0.023015163,0.02502561,0.022497244,0.941806121,0.932609679,0.94391678,41.18488453
4830,0.023064679,0.025036181,0.022549499,0.941956882,0.934418815,0.94391678,41.26657331
4840,0.022988739,0.025012522,0.022504505,0.942559928,0.933966531,0.943464496,41.3486745
4850,0.023366106,0.02503984,0.022644521,0.937886326,0.931705111,0.942107644,41.42994169
4860,0.022978223,0.024988385,0.02247356,0.942409166,0.933966531,0.94391678,41.5095205
4870,0.022972594,0.02498341,0.022455252,0.94060003,0.931705111,0.94391678,41.5892589
4880,0.022970767,0.024967662,0.022455576,0.941504598,0.931252827,0.943464496,41.67052887
4890,0.022993874,0.024952901,0.022725907,0.94165536,0.933514247,0.94391678,41.75107751
4900,0.023166541,0.025166653,0.022813128,0.940750791,0.933514247,0.939846223,41.83292735
4910,0.022933432,0.024775799,0.022592759,0.941504598,0.932609679,0.94391678,41.91696534
4920,0.022925308,0.024799562,0.02262807,0.942409166,0.933061963,0.942559928,41.99985253
4930,0.022880862,0.024936629,0.022628891,0.94286145,0.932609679,0.944821348,42.07917226
4940,0.022854167,0.024877742,0.022532808,0.942258405,0.933061963,0.9461782,42.16230598
4950,0.0227747,0.024919847,0.022442498,0.943615257,0.933966531,0.944369064,42.24438634
4960,0.022782099,0.025001576,0.022508719,0.943615257,0.933966531,0.944369064,42.32650996
4970,0.023074148,0.025603676,0.022379176,0.940449269,0.935323383,0.945273632,42.40997142
4980,0.022784857,0.025026238,0.022498558,0.943313734,0.933966531,0.944369064,42.49145878
4990,0.022704836,0.024872179,0.022519543,0.943615257,0.933514247,0.94391678,42.57085019
5000,0.02270619,0.024922851,0.022552192,0.943012212,0.934871099,0.944369064,42.65253313